venue_id,venue_name,current_monday,current_tuesday,current_wednesday,current_thursday,current_friday,current_saturday,current_sunday,last_year_monday,last_year_tuesday,last_year_wednesday,last_year_thursday,last_year_friday,last_year_saturday,last_year_sunday,current_week_total,last_year_week_total,monday_change,tuesday_change,wednesday_change,thursday_change,friday_change,saturday_change,sunday_change,week_change,week_number,year,personnel_expense_ratio,estimated_profit,debit_variation,debit_variation_previous,debit_variation_variation,holiday_name,holiday_flag
1,PAMPLONA,0.0,1326.0,1291.9,1756.65,2286.78,1675.25,1287.7,0.0,0.0,0.0,0.0,0.0,0.0,0.0,9624.28,0.0,0.0,100.0,100.0,100.0,100.0,100.0,100.0,100.0,1,2024,0.0,12122.53,,,,New Year's Day,True
1,PAMPLONA,0.0,1326.0,1291.9,1756.65,2286.78,1675.25,1287.7,0.0,0.0,0.0,0.0,0.0,0.0,0.0,9624.28,0.0,0.0,100.0,100.0,100.0,100.0,100.0,100.0,100.0,1,2024,0.0,12122.53,,,,Epiphany,True
2,BILBAO,0.0,576.66,810.75,677.2,1866.25,1597.4,1079.75,0.0,0.0,0.0,0.0,0.0,0.0,0.0,6608.01,0.0,0.0,100.0,100.0,100.0,100.0,100.0,100.0,100.0,1,2024,0.0,7603.76,,,,New Year's Day,True
2,BILBAO,0.0,576.66,810.75,677.2,1866.25,1597.4,1079.75,0.0,0.0,0.0,0.0,0.0,0.0,0.0,6608.01,0.0,0.0,100.0,100.0,100.0,100.0,100.0,100.0,100.0,1,2024,0.0,7603.76,,,,Epiphany,True
3,BURGOS,0.0,0.0,0.0,0.0,0.0,0.0,0.0,0.0,0.0,0.0,0.0,0.0,0.0,0.0,0.0,0.0,0.0,0.0,0.0,0.0,0.0,0.0,0.0,0.0,1,2024,0.0,0.0,,,,New Year's Day,True
3,BURGOS,0.0,0.0,0.0,0.0,0.0,0.0,0.0,0.0,0.0,0.0,0.0,0.0,0.0,0.0,0.0,0.0,0.0,0.0,0.0,0.0,0.0,0.0,0.0,0.0,1,2024,0.0,0.0,,,,Epiphany,True
4,SAN SEBASTIAN,0.0,0.0,0.0,0.0,0.0,0.0,0.0,0.0,0.0,0.0,0.0,0.0,0.0,0.0,0.0,0.0,0.0,0.0,0.0,0.0,0.0,0.0,0.0,0.0,1,2024,0.0,0.0,,,,New Year's Day,True
4,SAN SEBASTIAN,0.0,0.0,0.0,0.0,0.0,0.0,0.0,0.0,0.0,0.0,0.0,0.0,0.0,0.0,0.0,0.0,0.0,0.0,0.0,0.0,0.0,0.0,0.0,0.0,1,2024,0.0,0.0,,,,Epiphany,True
5,VITORIA,0.0,622.9,0.0,545.75,1829.8,1278.05,1523.85,0.0,0.0,0.0,0.0,0.0,0.0,0.0,5800.35,0.0,0.0,100.0,0.0,100.0,100.0,100.0,100.0,100.0,1,2024,0.0,5800.35,,,,New Year's Day,True
5,VITORIA,0.0,622.9,0.0,545.75,1829.8,1278.05,1523.85,0.0,0.0,0.0,0.0,0.0,0.0,0.0,5800.35,0.0,0.0,100.0,0.0,100.0,100.0,100.0,100.0,100.0,1,2024,0.0,5800.35,,,,Epiphany,True
6,ZARAGOZA,0.0,0.0,0.0,0.0,0.0,0.0,0.0,0.0,0.0,0.0,0.0,0.0,0.0,0.0,0.0,0.0,0.0,0.0,0.0,0.0,0.0,0.0,0.0,0.0,1,2024,0.0,0.0,,,,New Year's Day,True
6,ZARAGOZA,0.0,0.0,0.0,0.0,0.0,0.0,0.0,0.0,0.0,0.0,0.0,0.0,0.0,0.0,0.0,0.0,0.0,0.0,0.0,0.0,0.0,0.0,0.0,0.0,1,2024,0.0,0.0,,,,Epiphany,True
1,PAMPLONA,686.45,680.75,966.0,956.25,1928.05,2497.35,1149.25,0.0,0.0,0.0,0.0,0.0,0.0,0.0,8864.1,0.0,100.0,100.0,100.0,100.0,100.0,100.0,100.0,100.0,2,2024,0.0,8864.1,,,,,False
2,BILBAO,351.0,239.0,674.05,639.4,1866.5,2959.55,1349.95,0.0,0.0,0.0,0.0,0.0,0.0,0.0,8079.45,0.0,100.0,100.0,100.0,100.0,100.0,100.0,100.0,100.0,2,2024,0.0,8079.45,,,,,False
3,BURGOS,0.0,0.0,0.0,0.0,0.0,0.0,0.0,0.0,0.0,0.0,0.0,0.0,0.0,0.0,0.0,0.0,0.0,0.0,0.0,0.0,0.0,0.0,0.0,0.0,2,2024,0.0,0.0,,,,,False
4,SAN SEBASTIAN,0.0,0.0,0.0,0.0,0.0,0.0,0.0,0.0,0.0,0.0,0.0,0.0,0.0,0.0,0.0,0.0,0.0,0.0,0.0,0.0,0.0,0.0,0.0,0.0,2,2024,0.0,0.0,,,,,False
5,VITORIA,0.0,355.03,336.5,614.0,1795.55,2888.3,903.85,0.0,0.0,0.0,0.0,0.0,0.0,0.0,6893.23,0.0,0.0,100.0,100.0,100.0,100.0,100.0,100.0,100.0,2,2024,0.0,6893.23,,,,,False
6,ZARAGOZA,0.0,0.0,0.0,0.0,0.0,0.0,0.0,0.0,0.0,0.0,0.0,0.0,0.0,0.0,0.0,0.0,0.0,0.0,0.0,0.0,0.0,0.0,0.0,0.0,2,2024,0.0,0.0,,,,,False
1,PAMPLONA,630.0,540.75,993.75,840.7,2274.88,2746.93,773.3,0.0,0.0,0.0,0.0,0.0,0.0,0.0,8800.31,0.0,100.0,100.0,100.0,100.0,100.0,100.0,100.0,100.0,3,2024,0.0,8800.31,,,,,False
2,BILBAO,198.5,367.29,594.75,747.25,1646.55,2728.45,1076.5,0.0,0.0,0.0,0.0,0.0,0.0,0.0,7359.29,0.0,100.0,100.0,100.0,100.0,100.0,100.0,100.0,100.0,3,2024,0.0,7359.29,,,,,False
3,BURGOS,0.0,0.0,0.0,0.0,0.0,0.0,0.0,0.0,0.0,0.0,0.0,0.0,0.0,0.0,0.0,0.0,0.0,0.0,0.0,0.0,0.0,0.0,0.0,0.0,3,2024,0.0,0.0,,,,,False
4,SAN SEBASTIAN,0.0,0.0,0.0,0.0,0.0,0.0,0.0,0.0,0.0,0.0,0.0,0.0,0.0,0.0,0.0,0.0,0.0,0.0,0.0,0.0,0.0,0.0,0.0,0.0,3,2024,0.0,0.0,,,,,False
5,VITORIA,0.0,315.0,473.5,362.25,1487.05,3232.45,1706.65,0.0,0.0,0.0,0.0,0.0,0.0,0.0,7576.9,0.0,0.0,100.0,100.0,100.0,100.0,100.0,100.0,100.0,3,2024,0.0,7576.9,,,,,False
6,ZARAGOZA,0.0,0.0,0.0,0.0,0.0,0.0,0.0,0.0,0.0,0.0,0.0,0.0,0.0,0.0,0.0,0.0,0.0,0.0,0.0,0.0,0.0,0.0,0.0,0.0,3,2024,0.0,0.0,,,,,False
1,PAMPLONA,569.08,645.65,862.95,633.2,2427.39,2518.44,1614.86,0.0,0.0,0.0,0.0,0.0,0.0,0.0,9271.57,0.0,100.0,100.0,100.0,100.0,100.0,100.0,100.0,100.0,4,2024,0.0,9271.57,,,,,False
2,BILBAO,481.75,293.46,784.68,597.19,1549.65,2614.85,1445.5,0.0,0.0,0.0,0.0,0.0,0.0,0.0,7767.08,0.0,100.0,100.0,100.0,100.0,100.0,100.0,100.0,100.0,4,2024,0.0,7767.08,,,,,False
3,BURGOS,0.0,0.0,0.0,0.0,0.0,0.0,0.0,0.0,0.0,0.0,0.0,0.0,0.0,0.0,0.0,0.0,0.0,0.0,0.0,0.0,0.0,0.0,0.0,0.0,4,2024,0.0,0.0,,,,,False
4,SAN SEBASTIAN,0.0,0.0,0.0,0.0,0.0,0.0,0.0,0.0,0.0,0.0,0.0,0.0,0.0,0.0,0.0,0.0,0.0,0.0,0.0,0.0,0.0,0.0,0.0,0.0,4,2024,0.0,0.0,,,,,False
5,VITORIA,0.0,290.0,241.25,889.35,1510.73,2767.6,1030.1,0.0,0.0,0.0,0.0,0.0,0.0,0.0,6729.03,0.0,0.0,100.0,100.0,100.0,100.0,100.0,100.0,100.0,4,2024,0.0,6729.03,,,,,False
6,ZARAGOZA,0.0,0.0,0.0,0.0,0.0,0.0,0.0,0.0,0.0,0.0,0.0,0.0,0.0,0.0,0.0,0.0,0.0,0.0,0.0,0.0,0.0,0.0,0.0,0.0,4,2024,0.0,0.0,,,,,False
1,PAMPLONA,563.65,774.3,609.55,1175.8,1916.6,2837.23,2144.32,0.0,0.0,0.0,0.0,0.0,0.0,0.0,10021.45,0.0,100.0,100.0,100.0,100.0,100.0,100.0,100.0,100.0,5,2024,0.0,10021.45,,,,,False
2,BILBAO,298.5,568.25,589.27,540.63,1735.55,2088.35,1990.38,0.0,0.0,0.0,0.0,0.0,0.0,0.0,7810.93,0.0,100.0,100.0,100.0,100.0,100.0,100.0,100.0,100.0,5,2024,0.0,7810.93,,,,,False
3,BURGOS,0.0,0.0,0.0,0.0,0.0,0.0,0.0,0.0,0.0,0.0,0.0,0.0,0.0,0.0,0.0,0.0,0.0,0.0,0.0,0.0,0.0,0.0,0.0,0.0,5,2024,0.0,0.0,,,,,False
4,SAN SEBASTIAN,0.0,0.0,0.0,0.0,0.0,0.0,0.0,0.0,0.0,0.0,0.0,0.0,0.0,0.0,0.0,0.0,0.0,0.0,0.0,0.0,0.0,0.0,0.0,0.0,5,2024,0.0,0.0,,,,,False
5,VITORIA,0.0,209.0,793.78,407.25,1479.7,2511.53,720.55,0.0,0.0,0.0,0.0,0.0,0.0,0.0,6121.81,0.0,0.0,100.0,100.0,100.0,100.0,100.0,100.0,100.0,5,2024,0.0,6121.81,,,,,False
6,ZARAGOZA,0.0,0.0,0.0,0.0,0.0,0.0,0.0,0.0,0.0,0.0,0.0,0.0,0.0,0.0,0.0,0.0,0.0,0.0,0.0,0.0,0.0,0.0,0.0,0.0,5,2024,0.0,0.0,,,,,False
1,PAMPLONA,383.7,919.3,673.5,1139.97,1822.34,1915.85,2290.82,0.0,0.0,0.0,0.0,0.0,0.0,0.0,9145.48,0.0,100.0,100.0,100.0,100.0,100.0,100.0,100.0,100.0,6,2024,0.0,9145.48,,,,,False
2,BILBAO,406.75,409.51,852.3,288.17,1543.5,2236.7,1133.25,0.0,0.0,0.0,0.0,0.0,0.0,0.0,6870.18,0.0,100.0,100.0,100.0,100.0,100.0,100.0,100.0,100.0,6,2024,0.0,6870.18,,,,,False
3,BURGOS,0.0,0.0,0.0,0.0,0.0,0.0,0.0,0.0,0.0,0.0,0.0,0.0,0.0,0.0,0.0,0.0,0.0,0.0,0.0,0.0,0.0,0.0,0.0,0.0,6,2024,0.0,0.0,,,,,False
4,SAN SEBASTIAN,0.0,0.0,0.0,0.0,0.0,0.0,0.0,0.0,0.0,0.0,0.0,0.0,0.0,0.0,0.0,0.0,0.0,0.0,0.0,0.0,0.0,0.0,0.0,0.0,6,2024,0.0,0.0,,,,,False
5,VITORIA,0.0,346.9,442.76,457.5,1718.05,3115.75,1307.31,0.0,0.0,0.0,0.0,0.0,0.0,0.0,7388.27,0.0,0.0,100.0,100.0,100.0,100.0,100.0,100.0,100.0,6,2024,0.0,7388.27,,,,,False
6,ZARAGOZA,0.0,0.0,0.0,0.0,0.0,0.0,0.0,0.0,0.0,0.0,0.0,0.0,0.0,0.0,0.0,0.0,0.0,0.0,0.0,0.0,0.0,0.0,0.0,0.0,6,2024,0.0,0.0,,,,,False
1,PAMPLONA,986.2,1129.55,1727.15,752.8,2703.38,2725.9,1649.5,0.0,0.0,0.0,0.0,0.0,0.0,0.0,11674.48,0.0,100.0,100.0,100.0,100.0,100.0,100.0,100.0,100.0,7,2024,0.0,11674.48,,,,,False
2,BILBAO,1066.5,595.35,1221.7,630.7,1269.45,2474.6,1448.45,0.0,0.0,0.0,0.0,0.0,0.0,0.0,8706.75,0.0,100.0,100.0,100.0,100.0,100.0,100.0,100.0,100.0,7,2024,0.0,8706.75,,,,,False
3,BURGOS,0.0,0.0,0.0,0.0,0.0,0.0,0.0,0.0,0.0,0.0,0.0,0.0,0.0,0.0,0.0,0.0,0.0,0.0,0.0,0.0,0.0,0.0,0.0,0.0,7,2024,0.0,0.0,,,,,False
4,SAN SEBASTIAN,0.0,0.0,0.0,0.0,0.0,0.0,0.0,0.0,0.0,0.0,0.0,0.0,0.0,0.0,0.0,0.0,0.0,0.0,0.0,0.0,0.0,0.0,0.0,0.0,7,2024,0.0,0.0,,,,,False
5,VITORIA,0.0,452.75,1075.85,345.5,944.8,2851.8,1134.49,0.0,0.0,0.0,0.0,0.0,0.0,0.0,6805.19,0.0,0.0,100.0,100.0,100.0,100.0,100.0,100.0,100.0,7,2024,0.0,6805.19,,,,,False
6,ZARAGOZA,0.0,0.0,0.0,0.0,0.0,0.0,0.0,0.0,0.0,0.0,0.0,0.0,0.0,0.0,0.0,0.0,0.0,0.0,0.0,0.0,0.0,0.0,0.0,0.0,7,2024,0.0,0.0,,,,,False
1,PAMPLONA,765.6,751.02,1101.75,1144.67,2376.64,2877.16,1370.3,0.0,0.0,0.0,0.0,0.0,0.0,0.0,10387.14,0.0,100.0,100.0,100.0,100.0,100.0,100.0,100.0,100.0,8,2024,0.0,10387.14,,,,,False
2,BILBAO,449.25,364.75,388.35,712.5,1431.95,2123.35,910.04,0.0,0.0,0.0,0.0,0.0,0.0,0.0,6380.19,0.0,100.0,100.0,100.0,100.0,100.0,100.0,100.0,100.0,8,2024,0.0,6380.19,,,,,False
3,BURGOS,0.0,0.0,0.0,0.0,0.0,0.0,0.0,0.0,0.0,0.0,0.0,0.0,0.0,0.0,0.0,0.0,0.0,0.0,0.0,0.0,0.0,0.0,0.0,0.0,8,2024,0.0,0.0,,,,,False
4,SAN SEBASTIAN,0.0,0.0,0.0,0.0,0.0,0.0,0.0,0.0,0.0,0.0,0.0,0.0,0.0,0.0,0.0,0.0,0.0,0.0,0.0,0.0,0.0,0.0,0.0,0.0,8,2024,0.0,0.0,,,,,False
5,VITORIA,0.0,506.35,295.75,511.0,1897.65,2542.6,977.35,0.0,0.0,0.0,0.0,0.0,0.0,0.0,6730.7,0.0,0.0,100.0,100.0,100.0,100.0,100.0,100.0,100.0,8,2024,0.0,6730.7,,,,,False
6,ZARAGOZA,0.0,0.0,0.0,0.0,0.0,0.0,0.0,0.0,0.0,0.0,0.0,0.0,0.0,0.0,0.0,0.0,0.0,0.0,0.0,0.0,0.0,0.0,0.0,0.0,8,2024,0.0,0.0,,,,,False
1,PAMPLONA,884.63,1086.55,810.48,928.5,2609.73,2333.44,1816.7,0.0,0.0,0.0,0.0,0.0,0.0,0.0,10470.03,0.0,100.0,100.0,100.0,100.0,100.0,100.0,100.0,100.0,9,2024,0.0,10470.03,,,,,False
2,BILBAO,566.35,161.68,363.05,778.2,1847.2,1982.25,1109.5,0.0,0.0,0.0,0.0,0.0,0.0,0.0,6808.23,0.0,100.0,100.0,100.0,100.0,100.0,100.0,100.0,100.0,9,2024,0.0,6808.23,,,,,False
3,BURGOS,0.0,0.0,0.0,0.0,0.0,0.0,0.0,0.0,0.0,0.0,0.0,0.0,0.0,0.0,0.0,0.0,0.0,0.0,0.0,0.0,0.0,0.0,0.0,0.0,9,2024,0.0,0.0,,,,,False
4,SAN SEBASTIAN,0.0,0.0,0.0,0.0,0.0,0.0,0.0,0.0,0.0,0.0,0.0,0.0,0.0,0.0,0.0,0.0,0.0,0.0,0.0,0.0,0.0,0.0,0.0,0.0,9,2024,0.0,0.0,,,,,False
5,VITORIA,0.0,129.0,461.75,317.5,1763.85,2327.55,1103.0,0.0,0.0,0.0,0.0,0.0,0.0,0.0,6102.65,0.0,0.0,100.0,100.0,100.0,100.0,100.0,100.0,100.0,9,2024,0.0,6102.65,,,,,False
6,ZARAGOZA,0.0,0.0,0.0,0.0,0.0,0.0,0.0,0.0,0.0,0.0,0.0,0.0,0.0,0.0,0.0,0.0,0.0,0.0,0.0,0.0,0.0,0.0,0.0,0.0,9,2024,0.0,0.0,,,,,False
1,PAMPLONA,1060.73,1143.9,869.45,697.3,1957.23,3279.42,1346.43,0.0,0.0,0.0,0.0,0.0,0.0,0.0,10354.46,0.0,100.0,100.0,100.0,100.0,100.0,100.0,100.0,100.0,10,2024,0.0,10354.46,,,,,False
2,BILBAO,656.25,280.75,466.1,502.25,1430.72,2745.6,882.6,0.0,0.0,0.0,0.0,0.0,0.0,0.0,6964.27,0.0,100.0,100.0,100.0,100.0,100.0,100.0,100.0,100.0,10,2024,0.0,6964.27,,,,,False
3,BURGOS,0.0,0.0,0.0,0.0,0.0,0.0,0.0,0.0,0.0,0.0,0.0,0.0,0.0,0.0,0.0,0.0,0.0,0.0,0.0,0.0,0.0,0.0,0.0,0.0,10,2024,0.0,0.0,,,,,False
4,SAN SEBASTIAN,0.0,0.0,0.0,0.0,0.0,0.0,0.0,0.0,0.0,0.0,0.0,0.0,0.0,0.0,0.0,0.0,0.0,0.0,0.0,0.0,0.0,0.0,0.0,0.0,10,2024,0.0,0.0,,,,,False
5,VITORIA,0.0,239.25,166.85,423.75,1566.03,2089.05,1423.05,0.0,0.0,0.0,0.0,0.0,0.0,0.0,5907.98,0.0,0.0,100.0,100.0,100.0,100.0,100.0,100.0,100.0,10,2024,0.0,5907.98,,,,,False
6,ZARAGOZA,0.0,0.0,0.0,0.0,0.0,0.0,0.0,0.0,0.0,0.0,0.0,0.0,0.0,0.0,0.0,0.0,0.0,0.0,0.0,0.0,0.0,0.0,0.0,0.0,10,2024,0.0,0.0,,,,,False
1,PAMPLONA,1014.3,976.73,1086.89,1462.0,2114.41,3074.49,1766.73,0.0,0.0,0.0,0.0,0.0,0.0,0.0,11495.55,0.0,100.0,100.0,100.0,100.0,100.0,100.0,100.0,100.0,11,2024,0.0,11495.55,,,,,False
2,BILBAO,388.25,326.49,321.6,434.25,1446.9,2349.8,973.4,0.0,0.0,0.0,0.0,0.0,0.0,0.0,6240.69,0.0,100.0,100.0,100.0,100.0,100.0,100.0,100.0,100.0,11,2024,0.0,6240.69,,,,,False
3,BURGOS,0.0,0.0,0.0,0.0,0.0,0.0,0.0,0.0,0.0,0.0,0.0,0.0,0.0,0.0,0.0,0.0,0.0,0.0,0.0,0.0,0.0,0.0,0.0,0.0,11,2024,0.0,0.0,,,,,False
4,SAN SEBASTIAN,0.0,0.0,0.0,0.0,0.0,0.0,0.0,0.0,0.0,0.0,0.0,0.0,0.0,0.0,0.0,0.0,0.0,0.0,0.0,0.0,0.0,0.0,0.0,0.0,11,2024,0.0,0.0,,,,,False
5,VITORIA,0.0,400.45,576.8,430.25,1212.75,1887.6,1164.35,0.0,0.0,0.0,0.0,0.0,0.0,0.0,5672.2,0.0,0.0,100.0,100.0,100.0,100.0,100.0,100.0,100.0,11,2024,0.0,5672.2,,,,,False
6,ZARAGOZA,0.0,0.0,0.0,0.0,0.0,0.0,0.0,0.0,0.0,0.0,0.0,0.0,0.0,0.0,0.0,0.0,0.0,0.0,0.0,0.0,0.0,0.0,0.0,0.0,11,2024,0.0,0.0,,,,,False
1,PAMPLONA,567.8,1158.1,899.15,1144.33,1918.09,2503.7,1878.05,0.0,0.0,0.0,0.0,0.0,0.0,0.0,10069.22,0.0,100.0,100.0,100.0,100.0,100.0,100.0,100.0,100.0,12,2024,0.0,10069.22,,,,,False
2,BILBAO,218.75,874.15,694.0,781.63,1168.45,2493.1,1071.25,0.0,0.0,0.0,0.0,0.0,0.0,0.0,7301.33,0.0,100.0,100.0,100.0,100.0,100.0,100.0,100.0,100.0,12,2024,0.0,7301.33,,,,,False
3,BURGOS,0.0,0.0,0.0,0.0,0.0,0.0,0.0,0.0,0.0,0.0,0.0,0.0,0.0,0.0,0.0,0.0,0.0,0.0,0.0,0.0,0.0,0.0,0.0,0.0,12,2024,0.0,0.0,,,,,False
4,SAN SEBASTIAN,0.0,0.0,0.0,0.0,0.0,0.0,0.0,0.0,0.0,0.0,0.0,0.0,0.0,0.0,0.0,0.0,0.0,0.0,0.0,0.0,0.0,0.0,0.0,0.0,12,2024,0.0,0.0,,,,,False
5,VITORIA,0.0,621.1,386.2,398.0,1904.95,2182.18,780.34,0.0,0.0,0.0,0.0,0.0,0.0,0.0,6272.77,0.0,0.0,100.0,100.0,100.0,100.0,100.0,100.0,100.0,12,2024,0.0,6272.77,,,,,False
6,ZARAGOZA,0.0,0.0,0.0,0.0,0.0,0.0,0.0,0.0,0.0,0.0,0.0,0.0,0.0,0.0,0.0,0.0,0.0,0.0,0.0,0.0,0.0,0.0,0.0,0.0,12,2024,0.0,0.0,,,,,False
1,PAMPLONA,816.63,1126.95,2107.2,1179.8,2005.0,2397.75,1916.65,0.0,0.0,0.0,0.0,0.0,0.0,0.0,11549.98,0.0,100.0,100.0,100.0,100.0,100.0,100.0,100.0,100.0,13,2024,0.0,11549.98,,,,Good Friday,True
2,BILBAO,1193.45,651.8,1066.0,1365.75,1385.8,1980.85,637.88,0.0,0.0,0.0,0.0,0.0,0.0,0.0,8281.53,0.0,100.0,100.0,100.0,100.0,100.0,100.0,100.0,100.0,13,2024,0.0,8281.53,,,,Good Friday,True
3,BURGOS,0.0,0.0,82.23,1041.66,1262.25,2504.2,2278.88,0.0,0.0,0.0,0.0,0.0,0.0,0.0,7169.22,0.0,0.0,0.0,100.0,100.0,100.0,100.0,100.0,100.0,13,2024,0.0,7169.22,,,,Good Friday,True
4,SAN SEBASTIAN,0.0,0.0,0.0,0.0,0.0,0.0,0.0,0.0,0.0,0.0,0.0,0.0,0.0,0.0,0.0,0.0,0.0,0.0,0.0,0.0,0.0,0.0,0.0,0.0,13,2024,0.0,0.0,,,,Good Friday,True
5,VITORIA,0.0,518.0,1202.0,827.6,1068.7,1258.9,1724.4,0.0,0.0,0.0,0.0,0.0,0.0,0.0,6599.6,0.0,0.0,100.0,100.0,100.0,100.0,100.0,100.0,100.0,13,2024,0.0,6599.6,,,,Good Friday,True
6,ZARAGOZA,0.0,0.0,0.0,0.0,0.0,0.0,0.0,0.0,0.0,0.0,0.0,0.0,0.0,0.0,0.0,0.0,0.0,0.0,0.0,0.0,0.0,0.0,0.0,0.0,13,2024,0.0,0.0,,,,Good Friday,True
1,PAMPLONA,871.25,870.5,699.95,852.5,1650.01,1629.1,1358.86,0.0,0.0,0.0,0.0,0.0,0.0,0.0,7932.17,0.0,100.0,100.0,100.0,100.0,100.0,100.0,100.0,100.0,14,2024,0.0,7932.17,,,,,False
2,BILBAO,1352.95,640.5,961.28,550.2,1164.94,2142.8,1063.33,0.0,0.0,0.0,0.0,0.0,0.0,0.0,7876.0,0.0,100.0,100.0,100.0,100.0,100.0,100.0,100.0,100.0,14,2024,0.0,7876.0,,,,,False
3,BURGOS,0.0,646.75,779.0,1024.25,2553.0,2415.23,2109.15,0.0,0.0,0.0,0.0,0.0,0.0,0.0,9527.38,0.0,0.0,100.0,100.0,100.0,100.0,100.0,100.0,100.0,14,2024,0.0,9527.38,,,,,False
4,SAN SEBASTIAN,0.0,0.0,0.0,0.0,0.0,0.0,0.0,0.0,0.0,0.0,0.0,0.0,0.0,0.0,0.0,0.0,0.0,0.0,0.0,0.0,0.0,0.0,0.0,0.0,14,2024,0.0,0.0,,,,,False
5,VITORIA,0.0,218.05,478.5,383.5,1212.1,1512.2,919.38,0.0,0.0,0.0,0.0,0.0,0.0,0.0,4723.73,0.0,0.0,100.0,100.0,100.0,100.0,100.0,100.0,100.0,14,2024,0.0,4723.73,,,,,False
6,ZARAGOZA,0.0,0.0,0.0,0.0,0.0,0.0,0.0,0.0,0.0,0.0,0.0,0.0,0.0,0.0,0.0,0.0,0.0,0.0,0.0,0.0,0.0,0.0,0.0,0.0,14,2024,0.0,0.0,,,,,False
1,PAMPLONA,384.75,895.6,1209.91,783.2,1927.78,3178.65,1392.93,0.0,0.0,0.0,0.0,0.0,0.0,0.0,9772.82,0.0,100.0,100.0,100.0,100.0,100.0,100.0,100.0,100.0,15,2024,0.0,9772.82,,,,,False
2,BILBAO,432.45,874.03,667.1,1520.43,1527.33,1144.55,1395.25,0.0,0.0,0.0,0.0,0.0,0.0,0.0,7561.14,0.0,100.0,100.0,100.0,100.0,100.0,100.0,100.0,100.0,15,2024,0.0,7561.14,,,,,False
3,BURGOS,0.0,431.0,939.95,518.0,2640.8,1876.7,1359.25,0.0,0.0,0.0,0.0,0.0,0.0,0.0,7765.7,0.0,0.0,100.0,100.0,100.0,100.0,100.0,100.0,100.0,15,2024,0.0,7765.7,,,,,False
4,SAN SEBASTIAN,0.0,0.0,0.0,0.0,0.0,0.0,0.0,0.0,0.0,0.0,0.0,0.0,0.0,0.0,0.0,0.0,0.0,0.0,0.0,0.0,0.0,0.0,0.0,0.0,15,2024,0.0,0.0,,,,,False
5,VITORIA,0.0,173.75,468.95,306.25,1171.2,1704.65,920.25,0.0,0.0,0.0,0.0,0.0,0.0,0.0,4745.05,0.0,0.0,100.0,100.0,100.0,100.0,100.0,100.0,100.0,15,2024,0.0,4745.05,,,,,False
6,ZARAGOZA,0.0,0.0,0.0,0.0,0.0,0.0,0.0,0.0,0.0,0.0,0.0,0.0,0.0,0.0,0.0,0.0,0.0,0.0,0.0,0.0,0.0,0.0,0.0,0.0,15,2024,0.0,0.0,,,,,False
1,PAMPLONA,504.75,965.31,870.95,1307.13,1889.4,2920.28,1438.95,0.0,0.0,0.0,0.0,0.0,0.0,0.0,9896.77,0.0,100.0,100.0,100.0,100.0,100.0,100.0,100.0,100.0,16,2024,0.0,9896.77,,,,,False
2,BILBAO,618.0,421.35,525.2,500.75,1159.5,2547.0,1187.65,0.0,0.0,0.0,0.0,0.0,0.0,0.0,6959.45,0.0,100.0,100.0,100.0,100.0,100.0,100.0,100.0,100.0,16,2024,0.0,6959.45,,,,,False
3,BURGOS,0.0,581.0,515.7,717.0,2199.1,2349.05,1315.25,0.0,0.0,0.0,0.0,0.0,0.0,0.0,7677.1,0.0,0.0,100.0,100.0,100.0,100.0,100.0,100.0,100.0,16,2024,0.0,7677.1,,,,,False
4,SAN SEBASTIAN,0.0,0.0,0.0,0.0,0.0,0.0,0.0,0.0,0.0,0.0,0.0,0.0,0.0,0.0,0.0,0.0,0.0,0.0,0.0,0.0,0.0,0.0,0.0,0.0,16,2024,0.0,0.0,,,,,False
5,VITORIA,0.0,134.0,166.75,299.0,1207.2,1878.45,661.08,0.0,0.0,0.0,0.0,0.0,0.0,0.0,4346.48,0.0,0.0,100.0,100.0,100.0,100.0,100.0,100.0,100.0,16,2024,0.0,4346.48,,,,,False
6,ZARAGOZA,0.0,0.0,0.0,0.0,0.0,0.0,0.0,0.0,0.0,0.0,0.0,0.0,0.0,0.0,0.0,0.0,0.0,0.0,0.0,0.0,0.0,0.0,0.0,0.0,16,2024,0.0,0.0,,,,,False
1,PAMPLONA,828.15,532.25,737.43,848.95,2130.45,2954.45,1244.9,0.0,0.0,0.0,0.0,0.0,0.0,0.0,9276.58,0.0,100.0,100.0,100.0,100.0,100.0,100.0,100.0,100.0,17,2024,0.0,9276.58,,,,,False
2,BILBAO,568.25,125.5,593.25,793.2,1819.65,2452.7,1007.2,0.0,0.0,0.0,0.0,0.0,0.0,0.0,7359.75,0.0,100.0,100.0,100.0,100.0,100.0,100.0,100.0,100.0,17,2024,0.0,7359.75,,,,,False
3,BURGOS,0.0,262.8,587.25,345.0,1717.1,2157.68,1117.6,0.0,0.0,0.0,0.0,0.0,0.0,0.0,6187.43,0.0,0.0,100.0,100.0,100.0,100.0,100.0,100.0,100.0,17,2024,0.0,6187.43,,,,,False
4,SAN SEBASTIAN,0.0,0.0,0.0,0.0,0.0,0.0,0.0,0.0,0.0,0.0,0.0,0.0,0.0,0.0,0.0,0.0,0.0,0.0,0.0,0.0,0.0,0.0,0.0,0.0,17,2024,0.0,0.0,,,,,False
5,VITORIA,0.0,399.25,708.5,486.55,977.25,1162.75,1300.55,0.0,0.0,0.0,0.0,0.0,0.0,0.0,5034.85,0.0,0.0,100.0,100.0,100.0,100.0,100.0,100.0,100.0,17,2024,0.0,5034.85,,,,,False
6,ZARAGOZA,0.0,0.0,0.0,0.0,0.0,0.0,0.0,0.0,0.0,0.0,0.0,0.0,0.0,0.0,0.0,0.0,0.0,0.0,0.0,0.0,0.0,0.0,0.0,0.0,17,2024,0.0,0.0,,,,,False
1,PAMPLONA,9514.91,1583.05,1407.76,1296.6,2717.4,3357.5,2264.95,0.0,0.0,0.0,0.0,0.0,0.0,0.0,22142.17,0.0,100.0,100.0,100.0,100.0,100.0,100.0,100.0,100.0,18,2024,0.0,22142.17,,,,Labor Day,True
2,BILBAO,719.1,1448.25,1796.9,718.25,899.7,1658.3,1344.05,0.0,0.0,0.0,0.0,0.0,0.0,0.0,8584.55,0.0,100.0,100.0,100.0,100.0,100.0,100.0,100.0,100.0,18,2024,0.0,8584.55,,,,Labor Day,True
3,BURGOS,0.0,863.75,1121.95,557.75,1970.73,1910.75,2104.9,0.0,0.0,0.0,0.0,0.0,0.0,0.0,8529.83,0.0,0.0,100.0,100.0,100.0,100.0,100.0,100.0,100.0,18,2024,0.0,8529.83,,,,Labor Day,True
4,SAN SEBASTIAN,0.0,0.0,0.0,0.0,0.0,0.0,0.0,0.0,0.0,0.0,0.0,0.0,0.0,0.0,0.0,0.0,0.0,0.0,0.0,0.0,0.0,0.0,0.0,0.0,18,2024,0.0,0.0,,,,Labor Day,True
5,VITORIA,0.0,565.0,486.25,39.0,1449.55,1729.75,1166.55,0.0,0.0,0.0,0.0,0.0,0.0,0.0,5436.1,0.0,0.0,100.0,100.0,100.0,100.0,100.0,100.0,100.0,18,2024,0.0,5436.1,,,,Labor Day,True
6,ZARAGOZA,0.0,0.0,0.0,0.0,0.0,0.0,0.0,0.0,0.0,0.0,0.0,0.0,0.0,0.0,0.0,0.0,0.0,0.0,0.0,0.0,0.0,0.0,0.0,0.0,18,2024,0.0,0.0,,,,Labor Day,True
1,PAMPLONA,1187.35,633.05,1092.68,613.35,2047.75,2397.3,1634.65,0.0,0.0,0.0,0.0,0.0,0.0,0.0,9606.13,0.0,100.0,100.0,100.0,100.0,100.0,100.0,100.0,100.0,19,2024,0.0,9606.13,,,,,False
2,BILBAO,282.25,186.25,455.75,248.1,1320.35,1876.25,1169.85,0.0,0.0,0.0,0.0,0.0,0.0,0.0,5538.8,0.0,100.0,100.0,100.0,100.0,100.0,100.0,100.0,100.0,19,2024,0.0,5538.8,,,,,False
3,BURGOS,0.0,398.5,313.0,631.6,1902.5,1655.45,581.5,0.0,0.0,0.0,0.0,0.0,0.0,0.0,5482.55,0.0,0.0,100.0,100.0,100.0,100.0,100.0,100.0,100.0,19,2024,0.0,5482.55,,,,,False
4,SAN SEBASTIAN,0.0,0.0,0.0,0.0,0.0,0.0,0.0,0.0,0.0,0.0,0.0,0.0,0.0,0.0,0.0,0.0,0.0,0.0,0.0,0.0,0.0,0.0,0.0,0.0,19,2024,0.0,0.0,,,,,False
5,VITORIA,0.0,324.75,68.5,348.0,1794.75,1623.25,947.15,0.0,0.0,0.0,0.0,0.0,0.0,0.0,5106.4,0.0,0.0,100.0,100.0,100.0,100.0,100.0,100.0,100.0,19,2024,0.0,5106.4,,,,,False
6,ZARAGOZA,0.0,0.0,0.0,0.0,0.0,0.0,0.0,0.0,0.0,0.0,0.0,0.0,0.0,0.0,0.0,0.0,0.0,0.0,0.0,0.0,0.0,0.0,0.0,0.0,19,2024,0.0,0.0,,,,,False
1,PAMPLONA,818.39,850.62,777.5,735.6,3100.95,3784.6,1721.35,0.0,0.0,0.0,0.0,0.0,0.0,0.0,11789.01,0.0,100.0,100.0,100.0,100.0,100.0,100.0,100.0,100.0,20,2024,0.0,11789.01,,,,,False
2,BILBAO,698.85,648.45,301.0,770.95,1445.5,2193.1,1535.4,0.0,0.0,0.0,0.0,0.0,0.0,0.0,7593.25,0.0,100.0,100.0,100.0,100.0,100.0,100.0,100.0,100.0,20,2024,0.0,7593.25,,,,,False
3,BURGOS,0.0,130.75,550.5,439.5,1575.05,2008.95,1493.0,0.0,0.0,0.0,0.0,0.0,0.0,0.0,6197.75,0.0,0.0,100.0,100.0,100.0,100.0,100.0,100.0,100.0,20,2024,0.0,6197.75,,,,,False
4,SAN SEBASTIAN,0.0,0.0,0.0,0.0,0.0,0.0,0.0,0.0,0.0,0.0,0.0,0.0,0.0,0.0,0.0,0.0,0.0,0.0,0.0,0.0,0.0,0.0,0.0,0.0,20,2024,0.0,0.0,,,,,False
5,VITORIA,0.0,444.25,466.75,228.25,1620.5,1839.25,1003.95,0.0,0.0,0.0,0.0,0.0,0.0,0.0,5602.95,0.0,0.0,100.0,100.0,100.0,100.0,100.0,100.0,100.0,20,2024,0.0,5602.95,,,,,False
6,ZARAGOZA,0.0,0.0,0.0,0.0,0.0,0.0,0.0,0.0,0.0,0.0,0.0,0.0,0.0,0.0,0.0,0.0,0.0,0.0,0.0,0.0,0.0,0.0,0.0,0.0,20,2024,0.0,0.0,,,,,False
1,PAMPLONA,1024.29,226.75,1348.51,826.69,1858.45,2390.75,1672.35,0.0,0.0,0.0,0.0,0.0,0.0,0.0,9347.79,0.0,100.0,100.0,100.0,100.0,100.0,100.0,100.0,100.0,21,2024,0.0,9347.79,,,,,False
2,BILBAO,906.25,230.35,667.6,582.75,1533.35,4235.48,1538.9,0.0,0.0,0.0,0.0,0.0,0.0,0.0,9694.68,0.0,100.0,100.0,100.0,100.0,100.0,100.0,100.0,100.0,21,2024,0.0,9694.68,,,,,False
3,BURGOS,0.0,478.25,501.35,798.0,2032.03,1797.0,1590.35,0.0,0.0,0.0,0.0,0.0,0.0,0.0,7196.98,0.0,0.0,100.0,100.0,100.0,100.0,100.0,100.0,100.0,21,2024,0.0,7196.98,,,,,False
4,SAN SEBASTIAN,0.0,0.0,0.0,0.0,0.0,0.0,0.0,0.0,0.0,0.0,0.0,0.0,0.0,0.0,0.0,0.0,0.0,0.0,0.0,0.0,0.0,0.0,0.0,0.0,21,2024,0.0,0.0,,,,,False
5,VITORIA,0.0,297.0,402.0,499.05,1436.2,1925.4,950.45,0.0,0.0,0.0,0.0,0.0,0.0,0.0,5510.1,0.0,0.0,100.0,100.0,100.0,100.0,100.0,100.0,100.0,21,2024,0.0,5510.1,,,,,False
6,ZARAGOZA,0.0,0.0,0.0,0.0,0.0,0.0,0.0,0.0,0.0,0.0,0.0,0.0,0.0,0.0,0.0,0.0,0.0,0.0,0.0,0.0,0.0,0.0,0.0,0.0,21,2024,0.0,0.0,,,,,False
1,PAMPLONA,1233.65,822.78,398.75,674.27,2540.73,2315.25,1718.25,0.0,0.0,0.0,0.0,0.0,0.0,0.0,9703.68,0.0,100.0,100.0,100.0,100.0,100.0,100.0,100.0,100.0,22,2024,0.0,9703.68,,,,,False
2,BILBAO,626.0,742.98,371.75,461.0,654.0,1905.35,1195.45,0.0,0.0,0.0,0.0,0.0,0.0,0.0,5956.53,0.0,100.0,100.0,100.0,100.0,100.0,100.0,100.0,100.0,22,2024,0.0,5956.53,,,,,False
3,BURGOS,0.0,517.0,509.25,928.9,2154.8,1743.0,1458.4,0.0,0.0,0.0,0.0,0.0,0.0,0.0,7311.35,0.0,0.0,100.0,100.0,100.0,100.0,100.0,100.0,100.0,22,2024,0.0,7311.35,,,,,False
4,SAN SEBASTIAN,0.0,0.0,0.0,0.0,0.0,0.0,0.0,0.0,0.0,0.0,0.0,0.0,0.0,0.0,0.0,0.0,0.0,0.0,0.0,0.0,0.0,0.0,0.0,0.0,22,2024,0.0,0.0,,,,,False
5,VITORIA,0.0,345.75,668.1,285.25,1409.7,1914.85,972.43,0.0,0.0,0.0,0.0,0.0,0.0,0.0,5596.08,0.0,0.0,100.0,100.0,100.0,100.0,100.0,100.0,100.0,22,2024,0.0,5596.08,,,,,False
6,ZARAGOZA,0.0,0.0,0.0,0.0,0.0,0.0,0.0,0.0,0.0,0.0,0.0,0.0,0.0,0.0,0.0,0.0,0.0,0.0,0.0,0.0,0.0,0.0,0.0,0.0,22,2024,0.0,0.0,,,,,False
1,PAMPLONA,887.4,690.45,756.9,963.73,1984.5,2218.24,1342.65,0.0,0.0,0.0,0.0,0.0,0.0,0.0,8843.87,0.0,100.0,100.0,100.0,100.0,100.0,100.0,100.0,100.0,23,2024,0.0,8843.87,,,,,False
2,BILBAO,556.25,268.0,631.1,578.5,2001.45,2754.18,835.75,0.0,0.0,0.0,0.0,0.0,0.0,0.0,7625.23,0.0,100.0,100.0,100.0,100.0,100.0,100.0,100.0,100.0,23,2024,0.0,7625.23,,,,,False
3,BURGOS,0.0,549.25,689.5,1330.75,1143.2,1941.0,1404.73,0.0,0.0,0.0,0.0,0.0,0.0,0.0,7058.43,0.0,0.0,100.0,100.0,100.0,100.0,100.0,100.0,100.0,23,2024,0.0,7058.43,,,,,False
4,SAN SEBASTIAN,0.0,0.0,0.0,0.0,0.0,0.0,0.0,0.0,0.0,0.0,0.0,0.0,0.0,0.0,0.0,0.0,0.0,0.0,0.0,0.0,0.0,0.0,0.0,0.0,23,2024,0.0,0.0,,,,,False
5,VITORIA,0.0,171.25,431.65,638.2,1493.25,1108.4,995.2,0.0,0.0,0.0,0.0,0.0,0.0,0.0,4837.95,0.0,0.0,100.0,100.0,100.0,100.0,100.0,100.0,100.0,23,2024,0.0,4837.95,,,,,False
6,ZARAGOZA,0.0,0.0,0.0,0.0,0.0,0.0,0.0,0.0,0.0,0.0,0.0,0.0,0.0,0.0,0.0,0.0,0.0,0.0,0.0,0.0,0.0,0.0,0.0,0.0,23,2024,0.0,0.0,,,,,False
1,PAMPLONA,1005.3,429.25,869.75,856.66,2115.13,2523.45,1758.25,0.0,0.0,0.0,0.0,0.0,0.0,0.0,9557.79,0.0,100.0,100.0,100.0,100.0,100.0,100.0,100.0,100.0,24,2024,0.0,9557.79,,,,,False
2,BILBAO,616.7,365.0,949.7,952.33,1074.7,1720.85,1013.55,0.0,0.0,0.0,0.0,0.0,0.0,0.0,6692.83,0.0,100.0,100.0,100.0,100.0,100.0,100.0,100.0,100.0,24,2024,0.0,6692.83,,,,,False
3,BURGOS,0.0,405.75,681.25,525.15,1831.85,1716.5,991.65,0.0,0.0,0.0,0.0,0.0,0.0,0.0,6152.15,0.0,0.0,100.0,100.0,100.0,100.0,100.0,100.0,100.0,24,2024,0.0,6152.15,,,,,False
4,SAN SEBASTIAN,0.0,0.0,0.0,0.0,0.0,0.0,0.0,0.0,0.0,0.0,0.0,0.0,0.0,0.0,0.0,0.0,0.0,0.0,0.0,0.0,0.0,0.0,0.0,0.0,24,2024,0.0,0.0,,,,,False
5,VITORIA,0.0,554.5,634.25,389.0,1372.75,2047.45,674.25,0.0,0.0,0.0,0.0,0.0,0.0,0.0,5672.2,0.0,0.0,100.0,100.0,100.0,100.0,100.0,100.0,100.0,24,2024,0.0,5672.2,,,,,False
6,ZARAGOZA,0.0,0.0,0.0,0.0,0.0,0.0,0.0,0.0,0.0,0.0,0.0,0.0,0.0,0.0,0.0,0.0,0.0,0.0,0.0,0.0,0.0,0.0,0.0,0.0,24,2024,0.0,0.0,,,,,False
1,PAMPLONA,1033.1,671.05,1098.84,1167.43,2306.61,2682.8,1669.09,0.0,0.0,0.0,0.0,0.0,0.0,0.0,10628.92,0.0,100.0,100.0,100.0,100.0,100.0,100.0,100.0,100.0,25,2024,0.0,10628.92,,,,,False
2,BILBAO,468.45,493.7,786.6,657.1,1084.7,1394.45,1010.35,0.0,0.0,0.0,0.0,0.0,0.0,0.0,5895.35,0.0,100.0,100.0,100.0,100.0,100.0,100.0,100.0,100.0,25,2024,0.0,5895.35,,,,,False
3,BURGOS,0.0,477.75,620.83,882.75,1458.13,1624.83,0.0,0.0,0.0,0.0,0.0,0.0,0.0,0.0,5064.29,0.0,0.0,100.0,100.0,100.0,100.0,100.0,0.0,100.0,25,2024,0.0,5064.29,,,,,False
4,SAN SEBASTIAN,0.0,0.0,0.0,0.0,0.0,0.0,0.0,0.0,0.0,0.0,0.0,0.0,0.0,0.0,0.0,0.0,0.0,0.0,0.0,0.0,0.0,0.0,0.0,0.0,25,2024,0.0,0.0,,,,,False
5,VITORIA,0.0,463.0,386.0,688.15,1527.45,2264.35,1231.85,0.0,0.0,0.0,0.0,0.0,0.0,0.0,6560.8,0.0,0.0,100.0,100.0,100.0,100.0,100.0,100.0,100.0,25,2024,0.0,6560.8,,,,,False
6,ZARAGOZA,0.0,0.0,0.0,0.0,0.0,0.0,0.0,0.0,0.0,0.0,0.0,0.0,0.0,0.0,0.0,0.0,0.0,0.0,0.0,0.0,0.0,0.0,0.0,0.0,25,2024,0.0,0.0,,,,,False
1,PAMPLONA,1239.15,1348.01,1186.75,872.65,1644.25,1879.6,1443.13,0.0,0.0,0.0,0.0,0.0,0.0,0.0,9613.54,0.0,100.0,100.0,100.0,100.0,100.0,100.0,100.0,100.0,26,2024,0.0,9613.54,,,,,False
2,BILBAO,548.5,366.0,518.0,420.75,1388.85,1724.3,1018.54,0.0,0.0,0.0,0.0,0.0,0.0,0.0,5984.94,0.0,100.0,100.0,100.0,100.0,100.0,100.0,100.0,100.0,26,2024,0.0,5984.94,,,,,False
3,BURGOS,0.0,0.0,0.0,69.85,711.5,1570.3,1281.75,0.0,0.0,0.0,0.0,0.0,0.0,0.0,3633.4,0.0,0.0,0.0,0.0,100.0,100.0,100.0,100.0,100.0,26,2024,0.0,3633.4,,,,,False
4,SAN SEBASTIAN,0.0,0.0,0.0,0.0,0.0,0.0,0.0,0.0,0.0,0.0,0.0,0.0,0.0,0.0,0.0,0.0,0.0,0.0,0.0,0.0,0.0,0.0,0.0,0.0,26,2024,0.0,0.0,,,,,False
5,VITORIA,51.0,638.0,121.25,444.25,1629.6,1802.08,1155.25,0.0,0.0,0.0,0.0,0.0,0.0,0.0,5841.43,0.0,100.0,100.0,100.0,100.0,100.0,100.0,100.0,100.0,26,2024,0.0,5841.43,,,,,False
6,ZARAGOZA,0.0,0.0,0.0,0.0,0.0,0.0,0.0,0.0,0.0,0.0,0.0,0.0,0.0,0.0,0.0,0.0,0.0,0.0,0.0,0.0,0.0,0.0,0.0,0.0,26,2024,0.0,0.0,,,,,False
1,PAMPLONA,646.2,1398.97,1071.8,1715.31,1924.11,1655.41,2176.74,0.0,0.0,0.0,0.0,0.0,0.0,0.0,10588.54,0.0,100.0,100.0,100.0,100.0,100.0,100.0,100.0,100.0,27,2024,0.0,10588.54,,,,,False
2,BILBAO,867.95,862.1,699.35,723.5,1332.93,1916.88,1301.25,0.0,0.0,0.0,0.0,0.0,0.0,0.0,7703.96,0.0,100.0,100.0,100.0,100.0,100.0,100.0,100.0,100.0,27,2024,0.0,7703.96,,,,,False
3,BURGOS,0.0,1151.55,727.75,688.25,1095.0,1365.95,950.53,0.0,0.0,0.0,0.0,0.0,0.0,0.0,5979.03,0.0,0.0,100.0,100.0,100.0,100.0,100.0,100.0,100.0,27,2024,0.0,5979.03,,,,,False
4,SAN SEBASTIAN,0.0,0.0,0.0,0.0,0.0,0.0,0.0,0.0,0.0,0.0,0.0,0.0,0.0,0.0,0.0,0.0,0.0,0.0,0.0,0.0,0.0,0.0,0.0,0.0,27,2024,0.0,0.0,,,,,False
5,VITORIA,0.0,593.25,711.6,407.55,1219.0,1824.65,1005.0,0.0,0.0,0.0,0.0,0.0,0.0,0.0,5761.05,0.0,0.0,100.0,100.0,100.0,100.0,100.0,100.0,100.0,27,2024,0.0,5761.05,,,,,False
6,ZARAGOZA,0.0,0.0,0.0,0.0,0.0,0.0,0.0,0.0,0.0,0.0,0.0,0.0,0.0,0.0,0.0,0.0,0.0,0.0,0.0,0.0,0.0,0.0,0.0,0.0,27,2024,0.0,0.0,,,,,False
1,PAMPLONA,1080.14,1041.88,1318.2,1544.35,1062.5,1902.45,1978.28,0.0,0.0,0.0,0.0,0.0,0.0,0.0,9927.8,0.0,100.0,100.0,100.0,100.0,100.0,100.0,100.0,100.0,28,2024,0.0,9927.8,,,,,False
2,BILBAO,510.5,634.7,553.0,814.85,1348.83,1460.51,1848.95,0.0,0.0,0.0,0.0,0.0,0.0,0.0,7171.34,0.0,100.0,100.0,100.0,100.0,100.0,100.0,100.0,100.0,28,2024,0.0,7171.34,,,,,False
3,BURGOS,0.0,516.5,848.75,756.5,1782.5,1196.21,614.75,0.0,0.0,0.0,0.0,0.0,0.0,0.0,5715.21,0.0,0.0,100.0,100.0,100.0,100.0,100.0,100.0,100.0,28,2024,0.0,5715.21,,,,,False
4,SAN SEBASTIAN,0.0,0.0,0.0,0.0,0.0,0.0,0.0,0.0,0.0,0.0,0.0,0.0,0.0,0.0,0.0,0.0,0.0,0.0,0.0,0.0,0.0,0.0,0.0,0.0,28,2024,0.0,0.0,,,,,False
5,VITORIA,0.0,700.0,734.25,557.75,1058.5,2709.93,1093.6,0.0,0.0,0.0,0.0,0.0,0.0,0.0,6854.03,0.0,0.0,100.0,100.0,100.0,100.0,100.0,100.0,100.0,28,2024,0.0,6854.03,,,,,False
6,ZARAGOZA,0.0,0.0,0.0,0.0,0.0,0.0,0.0,0.0,0.0,0.0,0.0,0.0,0.0,0.0,0.0,0.0,0.0,0.0,0.0,0.0,0.0,0.0,0.0,0.0,28,2024,0.0,0.0,,,,,False
1,PAMPLONA,780.25,1026.95,1141.98,695.65,2258.14,1903.95,1683.5,0.0,0.0,0.0,0.0,0.0,0.0,0.0,9490.42,0.0,100.0,100.0,100.0,100.0,100.0,100.0,100.0,100.0,29,2024,0.0,9490.42,,,,,False
2,BILBAO,1233.85,764.85,756.5,725.1,1097.3,1252.0,1317.45,0.0,0.0,0.0,0.0,0.0,0.0,0.0,7147.05,0.0,100.0,100.0,100.0,100.0,100.0,100.0,100.0,100.0,29,2024,0.0,7147.05,,,,,False
3,BURGOS,0.0,884.0,810.58,616.75,1116.98,1530.5,1134.89,0.0,0.0,0.0,0.0,0.0,0.0,0.0,6093.7,0.0,0.0,100.0,100.0,100.0,100.0,100.0,100.0,100.0,29,2024,0.0,6093.7,,,,,False
4,SAN SEBASTIAN,0.0,0.0,0.0,0.0,0.0,0.0,0.0,0.0,0.0,0.0,0.0,0.0,0.0,0.0,0.0,0.0,0.0,0.0,0.0,0.0,0.0,0.0,0.0,0.0,29,2024,0.0,0.0,,,,,False
5,VITORIA,0.0,534.5,569.6,291.75,1216.7,1433.55,1209.9,0.0,0.0,0.0,0.0,0.0,0.0,0.0,5256.0,0.0,0.0,100.0,100.0,100.0,100.0,100.0,100.0,100.0,29,2024,0.0,5256.0,,,,,False
6,ZARAGOZA,0.0,0.0,0.0,0.0,0.0,0.0,0.0,0.0,0.0,0.0,0.0,0.0,0.0,0.0,0.0,0.0,0.0,0.0,0.0,0.0,0.0,0.0,0.0,0.0,29,2024,0.0,0.0,,,,,False
1,PAMPLONA,731.69,888.13,1497.85,1548.96,1560.93,1645.7,1627.5,0.0,0.0,0.0,0.0,0.0,0.0,0.0,9500.76,0.0,100.0,100.0,100.0,100.0,100.0,100.0,100.0,100.0,30,2024,0.0,9500.76,,,,,False
2,BILBAO,875.25,706.25,1299.18,1015.6,670.7,1367.0,1631.05,0.0,0.0,0.0,0.0,0.0,0.0,0.0,7565.03,0.0,100.0,100.0,100.0,100.0,100.0,100.0,100.0,100.0,30,2024,0.0,7565.03,,,,,False
3,BURGOS,0.0,694.0,650.15,509.7,1468.66,1396.13,704.1,0.0,0.0,0.0,0.0,0.0,0.0,0.0,5422.74,0.0,0.0,100.0,100.0,100.0,100.0,100.0,100.0,100.0,30,2024,0.0,5422.74,,,,,False
4,SAN SEBASTIAN,0.0,0.0,0.0,0.0,0.0,0.0,0.0,0.0,0.0,0.0,0.0,0.0,0.0,0.0,0.0,0.0,0.0,0.0,0.0,0.0,0.0,0.0,0.0,0.0,30,2024,0.0,0.0,,,,,False
5,VITORIA,0.0,563.5,893.85,1263.25,793.5,684.5,467.75,0.0,0.0,0.0,0.0,0.0,0.0,0.0,4666.35,0.0,0.0,100.0,100.0,100.0,100.0,100.0,100.0,100.0,30,2024,0.0,4666.35,,,,,False
6,ZARAGOZA,0.0,0.0,0.0,0.0,0.0,0.0,0.0,0.0,0.0,0.0,0.0,0.0,0.0,0.0,0.0,0.0,0.0,0.0,0.0,0.0,0.0,0.0,0.0,0.0,30,2024,0.0,0.0,,,,,False
1,PAMPLONA,914.0,988.34,1018.92,1357.29,1980.41,1817.95,1703.06,0.0,0.0,0.0,0.0,0.0,0.0,0.0,9779.97,0.0,100.0,100.0,100.0,100.0,100.0,100.0,100.0,100.0,31,2024,0.0,9779.97,,,,,False
2,BILBAO,853.5,1043.85,833.9,764.0,1035.55,1021.05,986.7,0.0,0.0,0.0,0.0,0.0,0.0,0.0,6538.55,0.0,100.0,100.0,100.0,100.0,100.0,100.0,100.0,100.0,31,2024,0.0,6538.55,,,,,False
3,BURGOS,69.0,482.5,989.1,778.88,1442.2,944.51,321.1,0.0,0.0,0.0,0.0,0.0,0.0,0.0,5027.29,0.0,100.0,100.0,100.0,100.0,100.0,100.0,100.0,100.0,31,2024,0.0,5027.29,,,,,False
4,SAN SEBASTIAN,0.0,0.0,0.0,0.0,0.0,0.0,0.0,0.0,0.0,0.0,0.0,0.0,0.0,0.0,0.0,0.0,0.0,0.0,0.0,0.0,0.0,0.0,0.0,0.0,31,2024,0.0,0.0,,,,,False
5,VITORIA,0.0,774.35,633.4,674.35,944.25,766.75,989.16,0.0,0.0,0.0,0.0,0.0,0.0,0.0,4782.26,0.0,0.0,100.0,100.0,100.0,100.0,100.0,100.0,100.0,31,2024,0.0,4782.26,,,,,False
6,ZARAGOZA,0.0,0.0,0.0,0.0,0.0,0.0,0.0,0.0,0.0,0.0,0.0,0.0,0.0,0.0,0.0,0.0,0.0,0.0,0.0,0.0,0.0,0.0,0.0,0.0,31,2024,0.0,0.0,,,,,False
1,PAMPLONA,1194.95,1187.78,1414.03,1356.25,2484.13,1620.24,2114.5,0.0,0.0,0.0,0.0,0.0,0.0,0.0,11371.88,0.0,100.0,100.0,100.0,100.0,100.0,100.0,100.0,100.0,32,2024,0.0,11371.88,,,,,False
2,BILBAO,1237.35,869.75,820.6,975.2,1141.0,908.0,855.5,0.0,0.0,0.0,0.0,0.0,0.0,0.0,6807.4,0.0,100.0,100.0,100.0,100.0,100.0,100.0,100.0,100.0,32,2024,0.0,6807.4,,,,,False
3,BURGOS,34.0,1374.25,670.6,968.89,1319.75,1125.5,1187.0,0.0,0.0,0.0,0.0,0.0,0.0,0.0,6679.99,0.0,100.0,100.0,100.0,100.0,100.0,100.0,100.0,100.0,32,2024,0.0,6679.99,,,,,False
4,SAN SEBASTIAN,0.0,0.0,0.0,0.0,0.0,0.0,0.0,0.0,0.0,0.0,0.0,0.0,0.0,0.0,0.0,0.0,0.0,0.0,0.0,0.0,0.0,0.0,0.0,0.0,32,2024,0.0,0.0,,,,,False
5,VITORIA,0.0,1028.0,735.2,516.0,903.75,489.55,984.0,0.0,0.0,0.0,0.0,0.0,0.0,0.0,4656.5,0.0,0.0,100.0,100.0,100.0,100.0,100.0,100.0,100.0,32,2024,0.0,4656.5,,,,,False
6,ZARAGOZA,0.0,0.0,0.0,0.0,0.0,0.0,0.0,0.0,0.0,0.0,0.0,0.0,0.0,0.0,0.0,0.0,0.0,0.0,0.0,0.0,0.0,0.0,0.0,0.0,32,2024,0.0,0.0,,,,,False
1,PAMPLONA,1224.91,1253.65,1685.7,1846.15,1498.83,2363.65,1559.95,0.0,0.0,0.0,0.0,0.0,0.0,0.0,11432.84,0.0,100.0,100.0,100.0,100.0,100.0,100.0,100.0,100.0,33,2024,0.0,11432.84,,,,Assumption Day,True
2,BILBAO,1077.0,1050.05,993.45,1728.35,1384.0,1357.8,1486.4,0.0,0.0,0.0,0.0,0.0,0.0,0.0,9077.05,0.0,100.0,100.0,100.0,100.0,100.0,100.0,100.0,100.0,33,2024,0.0,9077.05,,,,Assumption Day,True
3,BURGOS,0.0,729.5,1095.25,756.7,702.25,1283.05,1270.8,0.0,0.0,0.0,0.0,0.0,0.0,0.0,5837.55,0.0,0.0,100.0,100.0,100.0,100.0,100.0,100.0,100.0,33,2024,0.0,5837.55,,,,Assumption Day,True
4,SAN SEBASTIAN,0.0,0.0,0.0,0.0,0.0,0.0,0.0,0.0,0.0,0.0,0.0,0.0,0.0,0.0,0.0,0.0,0.0,0.0,0.0,0.0,0.0,0.0,0.0,0.0,33,2024,0.0,0.0,,,,Assumption Day,True
5,VITORIA,0.0,507.75,542.1,656.28,835.18,1170.75,1264.25,0.0,0.0,0.0,0.0,0.0,0.0,0.0,4976.31,0.0,0.0,100.0,100.0,100.0,100.0,100.0,100.0,100.0,33,2024,0.0,4976.31,,,,Assumption Day,True
6,ZARAGOZA,0.0,0.0,0.0,0.0,0.0,0.0,0.0,0.0,0.0,0.0,0.0,0.0,0.0,0.0,0.0,0.0,0.0,0.0,0.0,0.0,0.0,0.0,0.0,0.0,33,2024,0.0,0.0,,,,Assumption Day,True
1,PAMPLONA,1043.6,1000.25,749.5,482.83,1809.16,2215.4,2243.15,0.0,0.0,0.0,0.0,0.0,0.0,0.0,9543.89,0.0,100.0,100.0,100.0,100.0,100.0,100.0,100.0,100.0,34,2024,0.0,9543.89,,,,,False
2,BILBAO,468.75,1204.75,855.5,893.0,1550.25,1454.7,969.13,0.0,0.0,0.0,0.0,0.0,0.0,0.0,7396.08,0.0,100.0,100.0,100.0,100.0,100.0,100.0,100.0,100.0,34,2024,0.0,7396.08,,,,,False
3,BURGOS,0.0,380.65,944.5,820.75,1339.95,861.65,866.7,0.0,0.0,0.0,0.0,0.0,0.0,0.0,5214.2,0.0,0.0,100.0,100.0,100.0,100.0,100.0,100.0,100.0,34,2024,0.0,5214.2,,,,,False
4,SAN SEBASTIAN,0.0,0.0,0.0,0.0,0.0,0.0,0.0,0.0,0.0,0.0,0.0,0.0,0.0,0.0,0.0,0.0,0.0,0.0,0.0,0.0,0.0,0.0,0.0,0.0,34,2024,0.0,0.0,,,,,False
5,VITORIA,36.0,461.75,573.7,518.0,584.58,1066.0,1115.55,0.0,0.0,0.0,0.0,0.0,0.0,0.0,4355.58,0.0,100.0,100.0,100.0,100.0,100.0,100.0,100.0,100.0,34,2024,0.0,4355.58,,,,,False
6,ZARAGOZA,0.0,0.0,0.0,0.0,0.0,0.0,0.0,0.0,0.0,0.0,0.0,0.0,0.0,0.0,0.0,0.0,0.0,0.0,0.0,0.0,0.0,0.0,0.0,0.0,34,2024,0.0,0.0,,,,,False
1,PAMPLONA,728.3,1209.35,1657.25,1933.0,1745.7,3143.7,2225.75,0.0,0.0,0.0,0.0,0.0,0.0,0.0,12643.05,0.0,100.0,100.0,100.0,100.0,100.0,100.0,100.0,100.0,35,2024,0.0,12643.05,,,,,False
2,BILBAO,873.65,1082.05,965.75,1218.75,1272.25,2310.75,925.75,0.0,0.0,0.0,0.0,0.0,0.0,0.0,8648.95,0.0,100.0,100.0,100.0,100.0,100.0,100.0,100.0,100.0,35,2024,0.0,8648.95,,,,,False
3,BURGOS,0.0,354.7,442.0,895.05,1802.25,1118.7,796.5,0.0,0.0,0.0,0.0,0.0,0.0,0.0,5409.2,0.0,0.0,100.0,100.0,100.0,100.0,100.0,100.0,100.0,35,2024,0.0,5409.2,,,,,False
4,SAN SEBASTIAN,0.0,0.0,0.0,0.0,0.0,0.0,0.0,0.0,0.0,0.0,0.0,0.0,0.0,0.0,0.0,0.0,0.0,0.0,0.0,0.0,0.0,0.0,0.0,0.0,35,2024,0.0,0.0,,,,,False
5,VITORIA,0.0,451.25,850.2,612.75,927.75,1237.95,1561.75,0.0,0.0,0.0,0.0,0.0,0.0,0.0,5641.65,0.0,0.0,100.0,100.0,100.0,100.0,100.0,100.0,100.0,35,2024,0.0,5641.65,,,,,False
6,ZARAGOZA,0.0,0.0,0.0,0.0,0.0,0.0,0.0,0.0,0.0,0.0,0.0,0.0,0.0,0.0,0.0,0.0,0.0,0.0,0.0,0.0,0.0,0.0,0.0,0.0,35,2024,0.0,0.0,,,,,False
1,PAMPLONA,757.0,1234.6,1253.0,833.6,1825.24,1215.25,1055.25,0.0,0.0,0.0,0.0,0.0,0.0,0.0,8173.94,0.0,100.0,100.0,100.0,100.0,100.0,100.0,100.0,100.0,36,2024,0.0,8173.94,,,,,False
2,BILBAO,1008.98,709.35,692.45,472.2,1591.05,1806.2,1091.55,0.0,0.0,0.0,0.0,0.0,0.0,0.0,7371.78,0.0,100.0,100.0,100.0,100.0,100.0,100.0,100.0,100.0,36,2024,0.0,7371.78,,,,,False
3,BURGOS,0.0,559.2,638.5,610.0,1360.0,1995.55,1016.78,0.0,0.0,0.0,0.0,0.0,0.0,0.0,6180.03,0.0,0.0,100.0,100.0,100.0,100.0,100.0,100.0,100.0,36,2024,0.0,6180.03,,,,,False
4,SAN SEBASTIAN,0.0,0.0,0.0,0.0,0.0,0.0,0.0,0.0,0.0,0.0,0.0,0.0,0.0,0.0,0.0,0.0,0.0,0.0,0.0,0.0,0.0,0.0,0.0,0.0,36,2024,0.0,0.0,,,,,False
5,VITORIA,0.0,298.6,241.5,761.0,1745.2,1493.7,1092.75,0.0,0.0,0.0,0.0,0.0,0.0,0.0,5632.75,0.0,0.0,100.0,100.0,100.0,100.0,100.0,100.0,100.0,36,2024,0.0,5632.75,,,,,False
6,ZARAGOZA,0.0,0.0,0.0,0.0,0.0,0.0,0.0,0.0,0.0,0.0,0.0,0.0,0.0,0.0,0.0,0.0,0.0,0.0,0.0,0.0,0.0,0.0,0.0,0.0,36,2024,0.0,0.0,,,,,False
1,PAMPLONA,349.25,938.6,798.0,831.5,2453.2,1931.9,1394.65,0.0,0.0,0.0,0.0,0.0,0.0,0.0,8697.1,0.0,100.0,100.0,100.0,100.0,100.0,100.0,100.0,100.0,37,2024,0.0,8697.1,,,,,False
2,BILBAO,485.5,443.75,571.35,698.5,1137.1,1172.7,930.0,0.0,0.0,0.0,0.0,0.0,0.0,0.0,5438.9,0.0,100.0,100.0,100.0,100.0,100.0,100.0,100.0,100.0,37,2024,0.0,5438.9,,,,,False
3,BURGOS,0.0,739.1,578.5,223.75,995.05,1020.75,851.25,0.0,0.0,0.0,0.0,0.0,0.0,0.0,4408.4,0.0,0.0,100.0,100.0,100.0,100.0,100.0,100.0,100.0,37,2024,0.0,4408.4,,,,,False
4,SAN SEBASTIAN,0.0,0.0,0.0,0.0,0.0,0.0,0.0,0.0,0.0,0.0,0.0,0.0,0.0,0.0,0.0,0.0,0.0,0.0,0.0,0.0,0.0,0.0,0.0,0.0,37,2024,0.0,0.0,,,,,False
5,VITORIA,0.0,232.5,246.25,595.95,1142.5,1485.5,730.2,0.0,0.0,0.0,0.0,0.0,0.0,0.0,4432.9,0.0,0.0,100.0,100.0,100.0,100.0,100.0,100.0,100.0,37,2024,0.0,4432.9,,,,,False
6,ZARAGOZA,0.0,0.0,0.0,0.0,0.0,0.0,0.0,0.0,0.0,0.0,0.0,0.0,0.0,0.0,0.0,0.0,0.0,0.0,0.0,0.0,0.0,0.0,0.0,0.0,37,2024,0.0,0.0,,,,,False
1,PAMPLONA,774.5,1344.8,907.45,838.8,2917.0,2046.2,1266.3,0.0,0.0,0.0,0.0,0.0,0.0,0.0,10095.05,0.0,100.0,100.0,100.0,100.0,100.0,100.0,100.0,100.0,38,2024,0.0,10095.05,,,,,False
2,BILBAO,374.5,491.6,485.9,394.75,1347.05,1496.25,823.25,0.0,0.0,0.0,0.0,0.0,0.0,0.0,5413.3,0.0,100.0,100.0,100.0,100.0,100.0,100.0,100.0,100.0,38,2024,0.0,5413.3,,,,,False
3,BURGOS,0.0,354.0,368.35,720.0,1281.3,1292.5,711.1,0.0,0.0,0.0,0.0,0.0,0.0,0.0,4727.25,0.0,0.0,100.0,100.0,100.0,100.0,100.0,100.0,100.0,38,2024,0.0,4727.25,,,,,False
4,SAN SEBASTIAN,0.0,0.0,0.0,0.0,0.0,0.0,0.0,0.0,0.0,0.0,0.0,0.0,0.0,0.0,0.0,0.0,0.0,0.0,0.0,0.0,0.0,0.0,0.0,0.0,38,2024,0.0,0.0,,,,,False
5,VITORIA,0.0,198.5,403.1,427.75,1626.88,1831.4,922.75,0.0,0.0,0.0,0.0,0.0,0.0,0.0,5410.38,0.0,0.0,100.0,100.0,100.0,100.0,100.0,100.0,100.0,38,2024,0.0,5410.38,,,,,False
6,ZARAGOZA,0.0,0.0,0.0,0.0,0.0,0.0,0.0,0.0,0.0,0.0,0.0,0.0,0.0,0.0,0.0,0.0,0.0,0.0,0.0,0.0,0.0,0.0,0.0,0.0,38,2024,0.0,0.0,,,,,False
1,PAMPLONA,1562.9,585.3,646.25,941.7,2056.4,2214.65,1915.05,0.0,0.0,0.0,0.0,0.0,0.0,0.0,9922.25,0.0,100.0,100.0,100.0,100.0,100.0,100.0,100.0,100.0,39,2024,0.0,9922.25,,,,,False
2,BILBAO,637.83,412.75,459.75,599.85,1231.9,1274.05,1367.75,0.0,0.0,0.0,0.0,0.0,0.0,0.0,5983.88,0.0,100.0,100.0,100.0,100.0,100.0,100.0,100.0,100.0,39,2024,0.0,5983.88,,,,,False
3,BURGOS,0.0,533.5,533.0,442.35,1382.4,1931.65,906.35,0.0,0.0,0.0,0.0,0.0,0.0,0.0,5729.25,0.0,0.0,100.0,100.0,100.0,100.0,100.0,100.0,100.0,39,2024,0.0,5729.25,,,,,False
4,SAN SEBASTIAN,0.0,0.0,0.0,0.0,0.0,0.0,0.0,0.0,0.0,0.0,0.0,0.0,0.0,0.0,0.0,0.0,0.0,0.0,0.0,0.0,0.0,0.0,0.0,0.0,39,2024,0.0,0.0,,,,,False
5,VITORIA,0.0,398.5,252.75,242.0,792.6,2063.4,923.15,0.0,0.0,0.0,0.0,0.0,0.0,0.0,4672.4,0.0,0.0,100.0,100.0,100.0,100.0,100.0,100.0,100.0,39,2024,0.0,4672.4,,,,,False
6,ZARAGOZA,0.0,0.0,0.0,0.0,0.0,0.0,0.0,0.0,0.0,0.0,0.0,0.0,0.0,0.0,0.0,0.0,0.0,0.0,0.0,0.0,0.0,0.0,0.0,0.0,39,2024,0.0,0.0,,,,,False
1,PAMPLONA,550.3,706.6,1080.05,944.15,1994.85,1800.75,1484.25,0.0,0.0,0.0,0.0,0.0,0.0,0.0,8560.95,0.0,100.0,100.0,100.0,100.0,100.0,100.0,100.0,100.0,40,2024,0.0,8560.95,,,,,False
2,BILBAO,245.75,515.7,402.5,420.25,1376.55,2460.3,1241.7,0.0,0.0,0.0,0.0,0.0,0.0,0.0,6662.75,0.0,100.0,100.0,100.0,100.0,100.0,100.0,100.0,100.0,40,2024,0.0,6662.75,,,,,False
3,BURGOS,0.0,384.25,455.5,517.75,1547.75,1683.5,792.25,0.0,0.0,0.0,0.0,0.0,0.0,0.0,5381.0,0.0,0.0,100.0,100.0,100.0,100.0,100.0,100.0,100.0,40,2024,0.0,5381.0,,,,,False
4,SAN SEBASTIAN,0.0,0.0,0.0,0.0,0.0,0.0,0.0,0.0,0.0,0.0,0.0,0.0,0.0,0.0,0.0,0.0,0.0,0.0,0.0,0.0,0.0,0.0,0.0,0.0,40,2024,0.0,0.0,,,,,False
5,VITORIA,0.0,174.0,215.85,478.25,1276.1,1570.2,546.25,0.0,0.0,0.0,0.0,0.0,0.0,0.0,4260.65,0.0,0.0,100.0,100.0,100.0,100.0,100.0,100.0,100.0,40,2024,0.0,4260.65,,,,,False
6,ZARAGOZA,0.0,0.0,0.0,0.0,0.0,0.0,0.0,0.0,0.0,0.0,0.0,0.0,0.0,0.0,0.0,0.0,0.0,0.0,0.0,0.0,0.0,0.0,0.0,0.0,40,2024,0.0,0.0,,,,,False
1,PAMPLONA,485.6,563.7,470.15,508.0,2101.1,2781.11,1249.25,0.0,0.0,0.0,0.0,0.0,0.0,0.0,8158.91,0.0,100.0,100.0,100.0,100.0,100.0,100.0,100.0,100.0,41,2024,0.0,8158.91,,,,National Day,True
2,BILBAO,258.95,220.0,288.15,800.25,1749.35,1443.25,1053.75,0.0,0.0,0.0,0.0,0.0,0.0,0.0,5813.7,0.0,100.0,100.0,100.0,100.0,100.0,100.0,100.0,100.0,41,2024,0.0,5813.7,,,,National Day,True
3,BURGOS,0.0,24.5,380.75,582.35,1242.75,2214.75,651.0,0.0,0.0,0.0,0.0,0.0,0.0,0.0,5096.1,0.0,0.0,100.0,100.0,100.0,100.0,100.0,100.0,100.0,41,2024,0.0,5096.1,,,,National Day,True
4,SAN SEBASTIAN,0.0,0.0,0.0,0.0,0.0,0.0,0.0,0.0,0.0,0.0,0.0,0.0,0.0,0.0,0.0,0.0,0.0,0.0,0.0,0.0,0.0,0.0,0.0,0.0,41,2024,0.0,0.0,,,,National Day,True
5,VITORIA,48.0,392.0,341.75,213.0,1529.0,1903.25,1330.45,0.0,0.0,0.0,0.0,0.0,0.0,0.0,5757.45,0.0,100.0,100.0,100.0,100.0,100.0,100.0,100.0,100.0,41,2024,0.0,5757.45,,,,National Day,True
6,ZARAGOZA,0.0,0.0,0.0,0.0,0.0,0.0,0.0,0.0,0.0,0.0,0.0,0.0,0.0,0.0,0.0,0.0,0.0,0.0,0.0,0.0,0.0,0.0,0.0,0.0,41,2024,0.0,0.0,,,,National Day,True
1,PAMPLONA,683.35,604.15,1602.6,628.5,2128.9,2622.3,1663.15,0.0,0.0,0.0,0.0,0.0,0.0,0.0,9932.95,0.0,100.0,100.0,100.0,100.0,100.0,100.0,100.0,100.0,42,2024,0.0,9932.95,,,,,False
2,BILBAO,406.95,104.75,496.75,843.25,1363.7,2541.6,717.5,0.0,0.0,0.0,0.0,0.0,0.0,0.0,6474.5,0.0,100.0,100.0,100.0,100.0,100.0,100.0,100.0,100.0,42,2024,0.0,6474.5,,,,,False
3,BURGOS,0.0,698.45,264.0,420.25,1193.0,1833.85,634.25,0.0,0.0,0.0,0.0,0.0,0.0,0.0,5043.8,0.0,0.0,100.0,100.0,100.0,100.0,100.0,100.0,100.0,42,2024,0.0,5043.8,,,,,False
4,SAN SEBASTIAN,0.0,0.0,0.0,0.0,0.0,0.0,0.0,0.0,0.0,0.0,0.0,0.0,0.0,0.0,0.0,0.0,0.0,0.0,0.0,0.0,0.0,0.0,0.0,0.0,42,2024,0.0,0.0,,,,,False
5,VITORIA,0.0,151.25,344.0,191.25,1307.4,2043.45,742.85,0.0,0.0,0.0,0.0,0.0,0.0,0.0,4780.2,0.0,0.0,100.0,100.0,100.0,100.0,100.0,100.0,100.0,42,2024,0.0,4780.2,,,,,False
6,ZARAGOZA,0.0,0.0,0.0,0.0,0.0,0.0,0.0,0.0,0.0,0.0,0.0,0.0,0.0,0.0,0.0,0.0,0.0,0.0,0.0,0.0,0.0,0.0,0.0,0.0,42,2024,0.0,0.0,,,,,False
1,PAMPLONA,488.25,617.83,1080.5,867.45,2357.15,2446.0,1813.95,0.0,0.0,0.0,0.0,0.0,0.0,0.0,9671.13,0.0,100.0,100.0,100.0,100.0,100.0,100.0,100.0,100.0,43,2024,0.0,9671.13,,,,,False
2,BILBAO,152.25,279.15,102.0,892.0,1606.73,1593.4,784.5,0.0,0.0,0.0,0.0,0.0,0.0,0.0,5410.03,0.0,100.0,100.0,100.0,100.0,100.0,100.0,100.0,100.0,43,2024,0.0,5410.03,,,,,False
3,BURGOS,0.0,315.0,518.75,575.85,1066.25,1238.6,642.5,0.0,0.0,0.0,0.0,0.0,0.0,0.0,4356.95,0.0,0.0,100.0,100.0,100.0,100.0,100.0,100.0,100.0,43,2024,0.0,4356.95,,,,,False
4,SAN SEBASTIAN,0.0,0.0,0.0,0.0,0.0,0.0,0.0,0.0,0.0,0.0,0.0,0.0,0.0,0.0,0.0,0.0,0.0,0.0,0.0,0.0,0.0,0.0,0.0,0.0,43,2024,0.0,0.0,,,,,False
5,VITORIA,0.0,240.5,246.0,371.5,794.45,1372.65,930.5,0.0,0.0,0.0,0.0,0.0,0.0,0.0,3955.6,0.0,0.0,100.0,100.0,100.0,100.0,100.0,100.0,100.0,43,2024,0.0,3955.6,,,,,False
6,ZARAGOZA,0.0,0.0,0.0,0.0,0.0,0.0,0.0,0.0,0.0,0.0,0.0,0.0,0.0,0.0,0.0,0.0,0.0,0.0,0.0,0.0,0.0,0.0,0.0,0.0,43,2024,0.0,0.0,,,,,False
1,PAMPLONA,516.8,483.5,544.75,2214.91,3046.48,3043.75,1850.75,0.0,0.0,0.0,0.0,0.0,0.0,0.0,11700.94,0.0,100.0,100.0,100.0,100.0,100.0,100.0,100.0,100.0,44,2024,0.0,11700.94,,,,All Saints' Day,True
2,BILBAO,215.75,125.75,331.5,1319.25,1047.5,1760.75,597.9,0.0,0.0,0.0,0.0,0.0,0.0,0.0,5398.4,0.0,100.0,100.0,100.0,100.0,100.0,100.0,100.0,100.0,44,2024,0.0,5398.4,,,,All Saints' Day,True
3,BURGOS,0.0,309.75,486.0,1516.85,1361.25,1621.35,425.23,0.0,0.0,0.0,0.0,0.0,0.0,0.0,5720.43,0.0,0.0,100.0,100.0,100.0,100.0,100.0,100.0,100.0,44,2024,0.0,5720.43,,,,All Saints' Day,True
4,SAN SEBASTIAN,0.0,0.0,0.0,0.0,0.0,0.0,0.0,0.0,0.0,0.0,0.0,0.0,0.0,0.0,0.0,0.0,0.0,0.0,0.0,0.0,0.0,0.0,0.0,0.0,44,2024,0.0,0.0,,,,All Saints' Day,True
5,VITORIA,0.0,130.75,328.35,1959.75,1640.55,1725.1,796.15,0.0,0.0,0.0,0.0,0.0,0.0,0.0,6580.65,0.0,0.0,100.0,100.0,100.0,100.0,100.0,100.0,100.0,44,2024,0.0,6580.65,,,,All Saints' Day,True
6,ZARAGOZA,0.0,0.0,0.0,0.0,0.0,0.0,0.0,0.0,0.0,0.0,0.0,0.0,0.0,0.0,0.0,0.0,0.0,0.0,0.0,0.0,0.0,0.0,0.0,0.0,44,2024,0.0,0.0,,,,All Saints' Day,True
1,PAMPLONA,519.5,484.5,802.25,1245.13,1489.94,2833.55,1228.35,0.0,0.0,0.0,0.0,0.0,0.0,0.0,8603.22,0.0,100.0,100.0,100.0,100.0,100.0,100.0,100.0,100.0,45,2024,0.0,8603.22,,,,,False
2,BILBAO,178.75,134.0,464.25,329.7,1558.8,1417.1,707.1,0.0,0.0,0.0,0.0,0.0,0.0,0.0,4789.7,0.0,100.0,100.0,100.0,100.0,100.0,100.0,100.0,100.0,45,2024,0.0,4789.7,,,,,False
3,BURGOS,0.0,201.5,286.5,437.75,764.45,1192.05,790.1,0.0,0.0,0.0,0.0,0.0,0.0,0.0,3672.35,0.0,0.0,100.0,100.0,100.0,100.0,100.0,100.0,100.0,45,2024,0.0,3672.35,,,,,False
4,SAN SEBASTIAN,0.0,0.0,0.0,0.0,0.0,0.0,0.0,0.0,0.0,0.0,0.0,0.0,0.0,0.0,0.0,0.0,0.0,0.0,0.0,0.0,0.0,0.0,0.0,0.0,45,2024,0.0,0.0,,,,,False
5,VITORIA,0.0,257.25,321.2,427.0,1332.15,1938.05,760.05,0.0,0.0,0.0,0.0,0.0,0.0,0.0,5035.7,0.0,0.0,100.0,100.0,100.0,100.0,100.0,100.0,100.0,45,2024,0.0,5035.7,,,,,False
6,ZARAGOZA,0.0,0.0,0.0,0.0,0.0,0.0,0.0,0.0,0.0,0.0,0.0,0.0,0.0,0.0,0.0,0.0,0.0,0.0,0.0,0.0,0.0,0.0,0.0,0.0,45,2024,0.0,0.0,,,,,False
1,PAMPLONA,837.55,593.85,608.5,822.05,2507.95,2682.2,1228.4,0.0,0.0,0.0,0.0,0.0,0.0,0.0,9280.5,0.0,100.0,100.0,100.0,100.0,100.0,100.0,100.0,100.0,46,2024,0.0,9280.5,,,,,False
2,BILBAO,75.75,198.75,245.3,375.25,1146.35,1701.25,1268.6,0.0,0.0,0.0,0.0,0.0,0.0,0.0,5011.25,0.0,100.0,100.0,100.0,100.0,100.0,100.0,100.0,100.0,46,2024,0.0,5011.25,,,,,False
3,BURGOS,0.0,265.75,484.3,141.5,1718.25,1115.85,632.25,0.0,0.0,0.0,0.0,0.0,0.0,0.0,4357.9,0.0,0.0,100.0,100.0,100.0,100.0,100.0,100.0,100.0,46,2024,0.0,4357.9,,,,,False
4,SAN SEBASTIAN,0.0,0.0,0.0,0.0,0.0,0.0,0.0,0.0,0.0,0.0,0.0,0.0,0.0,0.0,0.0,0.0,0.0,0.0,0.0,0.0,0.0,0.0,0.0,0.0,46,2024,0.0,0.0,,,,,False
5,VITORIA,0.0,181.5,179.75,499.5,1021.4,1486.75,991.6,0.0,0.0,0.0,0.0,0.0,0.0,0.0,4360.5,0.0,0.0,100.0,100.0,100.0,100.0,100.0,100.0,100.0,46,2024,0.0,4360.5,,,,,False
6,ZARAGOZA,0.0,0.0,0.0,0.0,0.0,0.0,0.0,0.0,0.0,0.0,0.0,0.0,0.0,0.0,0.0,0.0,0.0,0.0,0.0,0.0,0.0,0.0,0.0,0.0,46,2024,0.0,0.0,,,,,False
1,PAMPLONA,447.3,738.45,1144.3,538.55,3072.65,3056.35,1504.75,0.0,0.0,0.0,0.0,0.0,0.0,0.0,10502.35,0.0,100.0,100.0,100.0,100.0,100.0,100.0,100.0,100.0,47,2024,0.0,10502.35,,,,,False
2,BILBAO,179.25,364.5,520.25,408.5,1178.0,1640.55,593.25,0.0,0.0,0.0,0.0,0.0,0.0,0.0,4884.3,0.0,100.0,100.0,100.0,100.0,100.0,100.0,100.0,100.0,47,2024,0.0,4884.3,,,,,False
3,BURGOS,0.0,146.0,383.75,255.1,1261.25,2124.5,634.75,0.0,0.0,0.0,0.0,0.0,0.0,0.0,4805.35,0.0,0.0,100.0,100.0,100.0,100.0,100.0,100.0,100.0,47,2024,0.0,4805.35,,,,,False
4,SAN SEBASTIAN,0.0,0.0,0.0,0.0,0.0,0.0,0.0,0.0,0.0,0.0,0.0,0.0,0.0,0.0,0.0,0.0,0.0,0.0,0.0,0.0,0.0,0.0,0.0,0.0,47,2024,0.0,0.0,,,,,False
5,VITORIA,0.0,464.5,120.75,319.1,970.25,1021.3,632.35,0.0,0.0,0.0,0.0,0.0,0.0,0.0,3528.25,0.0,0.0,100.0,100.0,100.0,100.0,100.0,100.0,100.0,47,2024,0.0,3528.25,,,,,False
6,ZARAGOZA,0.0,0.0,0.0,0.0,0.0,0.0,0.0,0.0,0.0,0.0,0.0,0.0,0.0,0.0,0.0,0.0,0.0,0.0,0.0,0.0,0.0,0.0,0.0,0.0,47,2024,0.0,0.0,,,,,False
1,PAMPLONA,641.65,644.45,860.45,988.65,1524.75,2070.5,1486.25,0.0,0.0,0.0,0.0,0.0,0.0,0.0,8216.7,0.0,100.0,100.0,100.0,100.0,100.0,100.0,100.0,100.0,48,2024,0.0,8216.7,,,,,False
2,BILBAO,184.25,127.0,540.75,382.6,1098.2,2619.25,823.95,0.0,0.0,0.0,0.0,0.0,0.0,0.0,5776.0,0.0,100.0,100.0,100.0,100.0,100.0,100.0,100.0,100.0,48,2024,0.0,5776.0,,,,,False
3,BURGOS,0.0,272.0,151.0,270.0,832.3,1465.0,576.0,0.0,0.0,0.0,0.0,0.0,0.0,0.0,3566.3,0.0,0.0,100.0,100.0,100.0,100.0,100.0,100.0,100.0,48,2024,0.0,3566.3,,,,,False
4,SAN SEBASTIAN,0.0,0.0,0.0,0.0,0.0,0.0,0.0,0.0,0.0,0.0,0.0,0.0,0.0,0.0,0.0,0.0,0.0,0.0,0.0,0.0,0.0,0.0,0.0,0.0,48,2024,0.0,0.0,,,,,False
5,VITORIA,0.0,298.25,132.75,185.75,1459.35,1602.25,588.55,0.0,0.0,0.0,0.0,0.0,0.0,0.0,4266.9,0.0,0.0,100.0,100.0,100.0,100.0,100.0,100.0,100.0,48,2024,0.0,4266.9,,,,,False
6,ZARAGOZA,0.0,0.0,0.0,0.0,0.0,0.0,0.0,0.0,0.0,0.0,0.0,0.0,0.0,0.0,0.0,0.0,0.0,0.0,0.0,0.0,0.0,0.0,0.0,0.0,48,2024,0.0,0.0,,,,,False
1,PAMPLONA,1274.25,985.1,573.5,1404.0,2810.0,2378.75,1320.4,0.0,0.0,0.0,0.0,0.0,0.0,0.0,10746.0,0.0,100.0,100.0,100.0,100.0,100.0,100.0,100.0,100.0,49,2024,0.0,10746.0,,,,Constitution Day,True
2,BILBAO,378.0,304.75,250.95,1031.75,1016.0,1853.81,1021.5,0.0,0.0,0.0,0.0,0.0,0.0,0.0,5856.76,0.0,100.0,100.0,100.0,100.0,100.0,100.0,100.0,100.0,49,2024,0.0,5856.76,,,,Constitution Day,True
3,BURGOS,0.0,542.0,307.75,847.75,874.7,618.75,654.75,0.0,0.0,0.0,0.0,0.0,0.0,0.0,3845.7,0.0,0.0,100.0,100.0,100.0,100.0,100.0,100.0,100.0,49,2024,0.0,3845.7,,,,Constitution Day,True
4,SAN SEBASTIAN,0.0,0.0,0.0,0.0,0.0,0.0,0.0,0.0,0.0,0.0,0.0,0.0,0.0,0.0,0.0,0.0,0.0,0.0,0.0,0.0,0.0,0.0,0.0,0.0,49,2024,0.0,0.0,,,,Constitution Day,True
5,VITORIA,0.0,174.25,205.75,612.5,1451.0,2092.65,1018.25,0.0,0.0,0.0,0.0,0.0,0.0,0.0,5554.4,0.0,0.0,100.0,100.0,100.0,100.0,100.0,100.0,100.0,49,2024,0.0,5554.4,,,,Constitution Day,True
6,ZARAGOZA,0.0,0.0,0.0,0.0,0.0,0.0,0.0,0.0,0.0,0.0,0.0,0.0,0.0,0.0,0.0,0.0,0.0,0.0,0.0,0.0,0.0,0.0,0.0,0.0,49,2024,0.0,0.0,,,,Constitution Day,True
1,PAMPLONA,651.5,401.25,403.2,839.75,2207.5,2853.0,1236.1,0.0,0.0,0.0,0.0,0.0,0.0,0.0,8592.3,0.0,100.0,100.0,100.0,100.0,100.0,100.0,100.0,100.0,50,2024,0.0,8592.3,,,,,False
2,BILBAO,311.25,0.0,258.0,399.5,1230.95,1861.5,540.0,0.0,0.0,0.0,0.0,0.0,0.0,0.0,4601.2,0.0,100.0,0.0,100.0,100.0,100.0,100.0,100.0,100.0,50,2024,0.0,4601.2,,,,,False
3,BURGOS,0.0,41.5,301.5,110.25,1013.75,1466.0,700.1,0.0,0.0,0.0,0.0,0.0,0.0,0.0,3633.1,0.0,0.0,100.0,100.0,100.0,100.0,100.0,100.0,100.0,50,2024,0.0,3633.1,,,,,False
4,SAN SEBASTIAN,0.0,0.0,0.0,0.0,0.0,0.0,0.0,0.0,0.0,0.0,0.0,0.0,0.0,0.0,0.0,0.0,0.0,0.0,0.0,0.0,0.0,0.0,0.0,0.0,50,2024,0.0,0.0,,,,,False
5,VITORIA,0.0,158.5,111.5,344.25,1171.0,2051.25,1331.75,0.0,0.0,0.0,0.0,0.0,0.0,0.0,5168.25,0.0,0.0,100.0,100.0,100.0,100.0,100.0,100.0,100.0,50,2024,0.0,5168.25,,,,,False
6,ZARAGOZA,0.0,0.0,0.0,0.0,0.0,0.0,0.0,0.0,0.0,0.0,0.0,0.0,0.0,0.0,0.0,0.0,0.0,0.0,0.0,0.0,0.0,0.0,0.0,0.0,50,2024,0.0,0.0,,,,,False
1,PAMPLONA,1149.0,1037.0,998.75,1035.8,1670.75,2651.25,2131.1,0.0,0.0,0.0,0.0,0.0,0.0,0.0,10673.65,0.0,100.0,100.0,100.0,100.0,100.0,100.0,100.0,100.0,51,2024,0.0,10673.65,,,,,False
2,BILBAO,108.5,218.25,345.0,433.78,1539.25,733.7,503.0,0.0,0.0,0.0,0.0,0.0,0.0,0.0,3881.48,0.0,100.0,100.0,100.0,100.0,100.0,100.0,100.0,100.0,51,2024,0.0,3881.48,,,,,False
3,BURGOS,0.0,369.75,328.25,385.5,1213.8,1417.0,1044.5,0.0,0.0,0.0,0.0,0.0,0.0,0.0,4758.8,0.0,0.0,100.0,100.0,100.0,100.0,100.0,100.0,100.0,51,2024,0.0,4758.8,,,,,False
4,SAN SEBASTIAN,0.0,0.0,0.0,0.0,0.0,0.0,0.0,0.0,0.0,0.0,0.0,0.0,0.0,0.0,0.0,0.0,0.0,0.0,0.0,0.0,0.0,0.0,0.0,0.0,51,2024,0.0,0.0,,,,,False
5,VITORIA,0.0,477.75,185.0,207.75,1315.25,1902.35,1432.6,0.0,0.0,0.0,0.0,0.0,0.0,0.0,5520.7,0.0,0.0,100.0,100.0,100.0,100.0,100.0,100.0,100.0,51,2024,0.0,5520.7,,,,,False
6,ZARAGOZA,0.0,0.0,0.0,0.0,0.0,0.0,0.0,0.0,0.0,0.0,0.0,0.0,0.0,0.0,0.0,0.0,0.0,0.0,0.0,0.0,0.0,0.0,0.0,0.0,51,2024,0.0,0.0,,,,,False
1,PAMPLONA,988.0,0.0,0.0,1676.7,1527.0,2394.06,2246.0,0.0,0.0,0.0,0.0,0.0,0.0,242.25,8831.76,242.25,100.0,0.0,0.0,100.0,100.0,100.0,827.14,3545.72,52,2024,0.0,8831.76,,,,Christmas Day,True
2,BILBAO,622.55,17.75,0.0,843.0,1464.25,1982.85,946.88,0.0,0.0,0.0,0.0,0.0,0.0,16.0,5877.28,16.0,100.0,100.0,0.0,100.0,100.0,100.0,5818.0,36633.0,52,2024,0.0,5877.28,,,,Christmas Day,True
3,BURGOS,0.0,0.0,0.0,302.0,1025.0,1373.25,841.25,0.0,0.0,0.0,0.0,0.0,0.0,0.0,3541.5,0.0,0.0,0.0,0.0,100.0,100.0,100.0,100.0,100.0,52,2024,0.0,3541.5,,,,Christmas Day,True
4,SAN SEBASTIAN,0.0,0.0,0.0,0.0,0.0,0.0,0.0,0.0,0.0,0.0,0.0,0.0,0.0,0.0,0.0,0.0,0.0,0.0,0.0,0.0,0.0,0.0,0.0,0.0,52,2024,0.0,0.0,,,,Christmas Day,True
5,VITORIA,0.0,0.0,0.0,607.5,872.0,1073.0,1420.25,0.0,0.0,0.0,0.0,0.0,0.0,0.0,3972.75,0.0,0.0,0.0,0.0,100.0,100.0,100.0,100.0,100.0,52,2024,0.0,3972.75,,,,Christmas Day,True
6,ZARAGOZA,0.0,0.0,0.0,0.0,0.0,0.0,0.0,0.0,0.0,0.0,0.0,0.0,0.0,0.0,0.0,0.0,0.0,0.0,0.0,0.0,0.0,0.0,0.0,0.0,52,2024,0.0,0.0,,,,Christmas Day,True
1,PAMPLONA,0.0,0.0,0.0,0.0,0.0,0.0,0.0,0.0,1326.0,1291.9,1756.65,2286.78,1675.25,1287.7,0.0,9624.28,0.0,-100.0,-100.0,-100.0,-100.0,-100.0,-100.0,-100.0,1,2025,0.0,8120.0,,,,New Year's Day,True
2,BILBAO,0.0,0.0,0.0,0.0,0.0,0.0,0.0,0.0,576.66,810.75,677.2,1866.25,1597.4,1079.75,0.0,6608.01,0.0,-100.0,-100.0,-100.0,-100.0,-100.0,-100.0,-100.0,1,2025,0.0,4331.13,,,,New Year's Day,True
3,BURGOS,0.0,0.0,0.0,0.0,0.0,0.0,0.0,0.0,0.0,0.0,0.0,0.0,0.0,0.0,0.0,0.0,0.0,0.0,0.0,0.0,0.0,0.0,0.0,0.0,1,2025,0.0,5138.0,,,,New Year's Day,True
4,SAN SEBASTIAN,0.0,0.0,0.0,0.0,0.0,0.0,0.0,0.0,0.0,0.0,0.0,0.0,0.0,0.0,0.0,0.0,0.0,0.0,0.0,0.0,0.0,0.0,0.0,0.0,1,2025,0.0,0.0,,,,New Year's Day,True
5,VITORIA,0.0,0.0,0.0,0.0,0.0,0.0,0.0,0.0,622.9,0.0,545.75,1829.8,1278.05,1523.85,0.0,5800.35,0.0,-100.0,0.0,-100.0,-100.0,-100.0,-100.0,-100.0,1,2025,0.0,5011.9,,,,New Year's Day,True
6,ZARAGOZA,0.0,0.0,0.0,0.0,0.0,0.0,0.0,0.0,0.0,0.0,0.0,0.0,0.0,0.0,0.0,0.0,0.0,0.0,0.0,0.0,0.0,0.0,0.0,0.0,1,2025,0.0,8613.5,,,,New Year's Day,True
1,PAMPLONA,1668.25,983.0,645.25,592.0,2390.75,2555.5,1649.95,686.45,680.75,966.0,956.25,1928.05,2497.35,1149.25,10484.7,8864.1,143.03,44.4,-33.2,-38.09,24.0,2.33,43.57,18.28,2,2025,0.0,10484.7,,,,Epiphany,True
2,BILBAO,703.5,97.75,360.0,200.25,791.5,1619.6,877.0,351.0,239.0,674.05,639.4,1866.5,2959.55,1349.95,4649.6,8079.45,100.43,-59.1,-46.59,-68.68,-57.59,-45.28,-35.03,-42.45,2,2025,0.0,4649.6,,,,Epiphany,True
3,BURGOS,223.0,180.0,197.0,340.35,1317.25,1727.75,811.0,0.0,0.0,0.0,0.0,0.0,0.0,0.0,4796.35,0.0,100.0,100.0,100.0,100.0,100.0,100.0,100.0,100.0,2,2025,0.0,4796.35,,,,Epiphany,True
4,SAN SEBASTIAN,0.0,0.0,0.0,0.0,0.0,0.0,0.0,0.0,0.0,0.0,0.0,0.0,0.0,0.0,0.0,0.0,0.0,0.0,0.0,0.0,0.0,0.0,0.0,0.0,2,2025,0.0,0.0,,,,Epiphany,True
5,VITORIA,503.25,116.25,125.5,193.5,1198.75,2093.4,1029.5,0.0,355.03,336.5,614.0,1795.55,2888.3,903.85,5260.15,6893.23,100.0,-67.26,-62.7,-68.49,-33.24,-27.52,13.9,-23.69,2,2025,0.0,5260.15,,,,Epiphany,True
6,ZARAGOZA,740.2,426.8,254.25,357.5,1249.3,2751.0,1315.7,0.0,0.0,0.0,0.0,0.0,0.0,0.0,7094.75,0.0,100.0,100.0,100.0,100.0,100.0,100.0,100.0,100.0,2,2025,0.0,7094.75,,,,Epiphany,True
1,PAMPLONA,737.56,399.25,855.25,834.7,2391.75,2512.13,1933.83,630.0,540.75,993.75,840.7,2274.88,2746.93,773.3,9664.47,8800.31,17.07,-26.17,-13.94,-0.71,5.14,-8.55,150.08,9.82,3,2025,0.0,9664.47,,,,,False
2,BILBAO,225.0,211.75,90.5,640.93,1031.5,2443.0,353.75,198.5,367.29,594.75,747.25,1646.55,2728.45,1076.5,4996.43,7359.29,13.35,-42.35,-84.78,-14.23,-37.35,-10.46,-67.14,-32.11,3,2025,0.0,4996.43,,,,,False
3,BURGOS,0.0,312.5,171.75,140.5,1250.0,1125.5,685.5,0.0,0.0,0.0,0.0,0.0,0.0,0.0,3685.75,0.0,0.0,100.0,100.0,100.0,100.0,100.0,100.0,100.0,3,2025,0.0,3685.75,,,,,False
4,SAN SEBASTIAN,0.0,0.0,0.0,0.0,0.0,0.0,0.0,0.0,0.0,0.0,0.0,0.0,0.0,0.0,0.0,0.0,0.0,0.0,0.0,0.0,0.0,0.0,0.0,0.0,3,2025,0.0,0.0,,,,,False
5,VITORIA,0.0,252.75,304.25,200.5,814.75,2089.8,1142.43,0.0,315.0,473.5,362.25,1487.05,3232.45,1706.65,4804.48,7576.9,0.0,-19.76,-35.74,-44.65,-45.21,-35.35,-33.06,-36.59,3,2025,0.0,4804.48,,,,,False
6,ZARAGOZA,190.5,321.6,459.95,293.1,1140.0,2538.5,694.0,0.0,0.0,0.0,0.0,0.0,0.0,0.0,5637.65,0.0,100.0,100.0,100.0,100.0,100.0,100.0,100.0,100.0,3,2025,0.0,5637.65,,,,,False
1,PAMPLONA,927.5,669.65,755.0,943.25,2673.5,1840.5,1222.9,569.08,645.65,862.95,633.2,2427.39,2518.44,1614.86,9032.3,9271.57,62.98,3.72,-12.51,48.97,10.14,-26.92,-24.27,-2.58,4,2025,0.0,9032.3,,,,,False
2,BILBAO,202.6,319.25,362.0,221.6,1388.35,2160.28,937.5,481.75,293.46,784.68,597.19,1549.65,2614.85,1445.5,5591.58,7767.08,-57.94,8.79,-53.87,-62.89,-10.41,-17.38,-35.14,-28.01,4,2025,0.0,5591.58,,,,,False
3,BURGOS,0.0,99.75,107.0,191.25,1069.0,1412.75,948.0,0.0,0.0,0.0,0.0,0.0,0.0,0.0,3827.75,0.0,0.0,100.0,100.0,100.0,100.0,100.0,100.0,100.0,4,2025,0.0,3827.75,,,,,False
4,SAN SEBASTIAN,0.0,0.0,0.0,0.0,0.0,0.0,0.0,0.0,0.0,0.0,0.0,0.0,0.0,0.0,0.0,0.0,0.0,0.0,0.0,0.0,0.0,0.0,0.0,0.0,4,2025,0.0,0.0,,,,,False
5,VITORIA,0.0,186.75,399.0,233.5,1623.95,2015.25,1014.0,0.0,290.0,241.25,889.35,1510.73,2767.6,1030.1,5472.45,6729.03,0.0,-35.6,65.39,-73.74,7.49,-27.18,-1.56,-18.67,4,2025,0.0,5472.45,,,,,False
6,ZARAGOZA,52.8,64.5,450.8,586.0,1380.95,3272.65,898.3,0.0,0.0,0.0,0.0,0.0,0.0,0.0,6706.0,0.0,100.0,100.0,100.0,100.0,100.0,100.0,100.0,100.0,4,2025,0.0,6706.0,,,,,False
1,PAMPLONA,1035.4,1019.0,656.2,1600.73,2422.29,2337.25,1324.75,563.65,774.3,609.55,1175.8,1916.6,2837.23,2144.32,10395.62,10021.45,83.7,31.6,7.65,36.14,26.38,-17.62,-38.22,3.73,5,2025,0.0,10395.62,,,,,False
2,BILBAO,96.5,164.0,28.5,0.0,1433.25,1898.51,1030.15,298.5,568.25,589.27,540.63,1735.55,2088.35,1990.38,4650.91,7810.93,-67.67,-71.14,-95.16,-100.0,-17.42,-9.09,-48.24,-40.46,5,2025,0.0,4650.91,,,,,False
3,BURGOS,0.0,202.25,243.5,346.5,1119.75,1901.25,538.25,0.0,0.0,0.0,0.0,0.0,0.0,0.0,4351.5,0.0,0.0,100.0,100.0,100.0,100.0,100.0,100.0,100.0,5,2025,0.0,4351.5,,,,,False
4,SAN SEBASTIAN,0.0,0.0,0.0,0.0,0.0,0.0,0.0,0.0,0.0,0.0,0.0,0.0,0.0,0.0,0.0,0.0,0.0,0.0,0.0,0.0,0.0,0.0,0.0,0.0,5,2025,0.0,0.0,,,,,False
5,VITORIA,0.0,82.4,159.0,107.25,1687.5,2427.75,1170.5,0.0,209.0,793.78,407.25,1479.7,2511.53,720.55,5634.4,6121.81,0.0,-60.57,-79.97,-73.66,14.04,-3.34,62.45,-7.96,5,2025,0.0,5634.4,,,,,False
6,ZARAGOZA,397.2,472.0,1797.8,0.0,1518.1,2734.55,732.75,0.0,0.0,0.0,0.0,0.0,0.0,0.0,7652.4,0.0,100.0,100.0,100.0,0.0,100.0,100.0,100.0,100.0,5,2025,0.0,7652.4,,,,,False
1,PAMPLONA,894.35,839.18,634.25,1559.85,2305.55,3043.2,2089.75,383.7,919.3,673.5,1139.97,1822.34,1915.85,2290.82,11366.13,9145.48,133.09,-8.72,-5.83,36.83,26.52,58.84,-8.78,24.28,6,2025,0.0,11366.13,,,,,False
2,BILBAO,0.0,0.0,0.0,0.0,0.0,0.0,0.0,406.75,409.51,852.3,288.17,1543.5,2236.7,1133.25,0.0,6870.18,-100.0,-100.0,-100.0,-100.0,-100.0,-100.0,-100.0,-100.0,6,2025,0.0,0.0,,,,,False
3,BURGOS,0.0,163.0,272.75,370.75,1045.15,1206.73,461.0,0.0,0.0,0.0,0.0,0.0,0.0,0.0,3519.38,0.0,0.0,100.0,100.0,100.0,100.0,100.0,100.0,100.0,6,2025,0.0,3519.38,,,,,False
4,SAN SEBASTIAN,0.0,134.2,19.8,3849.17,280.4,2367.06,966.0,0.0,0.0,0.0,0.0,0.0,0.0,0.0,7616.63,0.0,0.0,100.0,100.0,100.0,100.0,100.0,100.0,100.0,6,2025,0.0,7616.63,,,,,False
5,VITORIA,0.0,457.75,226.0,161.5,911.0,1586.75,1043.0,0.0,346.9,442.76,457.5,1718.05,3115.75,1307.31,4386.0,7388.27,0.0,31.95,-48.96,-64.7,-46.97,-49.07,-20.22,-40.64,6,2025,0.0,4386.0,,,,,False
6,ZARAGOZA,162.4,334.75,93.0,614.1,801.5,3297.9,711.2,0.0,0.0,0.0,0.0,0.0,0.0,0.0,6014.85,0.0,100.0,100.0,100.0,100.0,100.0,100.0,100.0,100.0,6,2025,0.0,6014.85,,,,,False
1,PAMPLONA,791.55,1085.75,712.55,796.0,3309.75,2237.75,1894.5,986.2,1129.55,1727.15,752.8,2703.38,2725.9,1649.5,10827.85,11674.48,-19.74,-3.88,-58.74,5.74,22.43,-17.91,14.85,-7.25,7,2025,0.0,10827.85,,,,,False
2,BILBAO,0.0,0.0,0.0,0.0,1845.85,2032.25,1451.0,1066.5,595.35,1221.7,630.7,1269.45,2474.6,1448.45,5329.1,8706.75,-100.0,-100.0,-100.0,-100.0,45.41,-17.88,0.18,-38.79,7,2025,0.0,5329.1,,,,,False
3,BURGOS,0.0,231.0,204.0,332.75,2023.75,1829.75,770.0,0.0,0.0,0.0,0.0,0.0,0.0,0.0,5391.25,0.0,0.0,100.0,100.0,100.0,100.0,100.0,100.0,100.0,7,2025,0.0,5391.25,,,,,False
4,SAN SEBASTIAN,400.5,679.55,504.87,811.39,3029.87,2833.19,471.25,0.0,0.0,0.0,0.0,0.0,0.0,0.0,8730.62,0.0,100.0,100.0,100.0,100.0,100.0,100.0,100.0,100.0,7,2025,0.0,8730.62,,,,,False
5,VITORIA,0.0,211.5,586.0,274.28,1587.25,1870.25,1226.9,0.0,452.75,1075.85,345.5,944.8,2851.8,1134.49,5756.18,6805.19,0.0,-53.29,-45.53,-20.61,68.0,-34.42,8.15,-15.41,7,2025,0.0,5756.18,,,,,False
6,ZARAGOZA,603.85,594.95,372.6,640.3,3060.2,3664.1,1720.2,0.0,0.0,0.0,0.0,0.0,0.0,0.0,10656.2,0.0,100.0,100.0,100.0,100.0,100.0,100.0,100.0,100.0,7,2025,0.0,10656.2,,,,,False
1,PAMPLONA,951.5,760.5,589.25,1055.45,2760.5,3222.0,1146.75,765.6,751.02,1101.75,1144.67,2376.64,2877.16,1370.3,10485.95,10387.14,24.28,1.26,-46.52,-7.79,16.15,11.99,-16.31,0.95,8,2025,0.0,10485.95,,,,,False
2,BILBAO,0.0,311.5,793.55,621.2,1397.45,2195.8,658.15,449.25,364.75,388.35,712.5,1431.95,2123.35,910.04,5977.65,6380.19,-100.0,-14.6,104.34,-12.81,-2.41,3.41,-27.68,-6.31,8,2025,0.0,5977.65,,,,,False
3,BURGOS,0.0,421.5,199.5,204.5,1191.0,1672.4,466.0,0.0,0.0,0.0,0.0,0.0,0.0,0.0,4154.9,0.0,0.0,100.0,100.0,100.0,100.0,100.0,100.0,100.0,8,2025,0.0,4154.9,,,,,False
4,SAN SEBASTIAN,288.6,713.49,618.6,532.0,2174.03,3630.43,1855.29,0.0,0.0,0.0,0.0,0.0,0.0,0.0,9812.44,0.0,100.0,100.0,100.0,100.0,100.0,100.0,100.0,100.0,8,2025,0.0,9812.44,,,,,False
5,VITORIA,0.0,171.0,138.0,379.0,1409.4,1689.75,706.5,0.0,506.35,295.75,511.0,1897.65,2542.6,977.35,4493.65,6730.7,0.0,-66.23,-53.34,-25.83,-25.73,-33.54,-27.71,-33.24,8,2025,0.0,4493.65,,,,,False
6,ZARAGOZA,747.3,295.8,218.8,369.75,1719.35,2827.35,1083.8,0.0,0.0,0.0,0.0,0.0,0.0,0.0,7262.15,0.0,100.0,100.0,100.0,100.0,100.0,100.0,100.0,100.0,8,2025,0.0,7262.15,,,,,False
1,PAMPLONA,618.5,833.75,506.0,974.0,2185.25,2406.5,2266.75,884.63,1086.55,810.48,928.5,2609.73,2333.44,1816.7,9790.75,10470.03,-30.08,-23.27,-37.57,4.9,-16.27,3.13,24.77,-6.49,9,2025,0.0,9790.75,,,,,False
2,BILBAO,211.75,220.3,498.85,172.8,1025.05,1303.45,1587.5,566.35,161.68,363.05,778.2,1847.2,1982.25,1109.5,5019.7,6808.23,-62.61,36.26,37.41,-77.79,-44.51,-34.24,43.08,-26.27,9,2025,0.0,5019.7,,,,,False
3,BURGOS,0.0,315.5,169.75,268.5,1427.75,1747.25,673.75,0.0,0.0,0.0,0.0,0.0,0.0,0.0,4602.5,0.0,0.0,100.0,100.0,100.0,100.0,100.0,100.0,100.0,9,2025,0.0,4602.5,,,,,False
4,SAN SEBASTIAN,568.95,934.95,451.5,475.95,1933.18,2969.72,1651.4,0.0,0.0,0.0,0.0,0.0,0.0,0.0,8985.65,0.0,100.0,100.0,100.0,100.0,100.0,100.0,100.0,100.0,9,2025,0.0,8985.65,,,,,False
5,VITORIA,0.0,323.0,283.0,393.5,1290.75,2202.05,1494.25,0.0,129.0,461.75,317.5,1763.85,2327.55,1103.0,5986.55,6102.65,0.0,150.39,-38.71,23.94,-26.82,-5.39,35.47,-1.9,9,2025,0.0,5986.55,,,,,False
6,ZARAGOZA,449.5,384.8,461.5,347.75,1418.7,3547.7,1528.6,0.0,0.0,0.0,0.0,0.0,0.0,0.0,8138.55,0.0,100.0,100.0,100.0,100.0,100.0,100.0,100.0,100.0,9,2025,0.0,8138.55,,,,,False
1,PAMPLONA,914.0,1074.5,811.2,1359.25,2285.1,2663.75,1650.0,1060.73,1143.9,869.45,697.3,1957.23,3279.42,1346.43,10757.8,10354.46,-13.83,-6.07,-6.7,94.93,16.75,-18.77,22.55,3.9,10,2025,0.0,10757.8,,,,,False
2,BILBAO,335.25,679.1,178.35,264.2,1569.2,2462.3,1010.6,656.25,280.75,466.1,502.25,1430.72,2745.6,882.6,6499.0,6964.27,-48.91,141.89,-61.74,-47.4,9.68,-10.32,14.5,-6.68,10,2025,0.0,6499.0,,,,,False
3,BURGOS,0.0,35.0,104.0,389.25,1260.0,2169.25,836.25,0.0,0.0,0.0,0.0,0.0,0.0,0.0,4793.75,0.0,0.0,100.0,100.0,100.0,100.0,100.0,100.0,100.0,10,2025,0.0,4793.75,,,,,False
4,SAN SEBASTIAN,549.4,1244.75,1000.8,594.92,1677.75,2554.05,619.45,0.0,0.0,0.0,0.0,0.0,0.0,0.0,8241.12,0.0,100.0,100.0,100.0,100.0,100.0,100.0,100.0,100.0,10,2025,0.0,8241.12,,,,,False
5,VITORIA,0.0,75.5,515.75,230.5,1453.5,2725.2,928.5,0.0,239.25,166.85,423.75,1566.03,2089.05,1423.05,5928.95,5907.98,0.0,-68.44,209.11,-45.6,-7.19,30.45,-34.75,0.35,10,2025,0.0,5928.95,,,,,False
6,ZARAGOZA,710.05,1352.88,971.7,565.2,1597.65,3596.25,1187.85,0.0,0.0,0.0,0.0,0.0,0.0,0.0,9981.58,0.0,100.0,100.0,100.0,100.0,100.0,100.0,100.0,100.0,10,2025,0.0,9981.58,,,,,False
1,PAMPLONA,629.25,764.5,1508.35,1554.4,2410.8,3238.0,2479.5,1014.3,976.73,1086.89,1462.0,2114.41,3074.49,1766.73,12584.8,11495.55,-37.96,-21.73,38.78,6.32,14.02,5.32,40.34,9.48,11,2025,0.0,12584.8,,,,,False
2,BILBAO,98.5,326.75,309.8,379.2,881.91,1445.71,1023.65,388.25,326.49,321.6,434.25,1446.9,2349.8,973.4,4465.52,6240.69,-74.63,0.08,-3.67,-12.68,-39.05,-38.48,5.16,-28.45,11,2025,0.0,4465.52,,,,,False
3,BURGOS,0.0,261.75,285.25,433.8,1242.0,1315.75,435.75,0.0,0.0,0.0,0.0,0.0,0.0,0.0,3974.3,0.0,0.0,100.0,100.0,100.0,100.0,100.0,100.0,100.0,11,2025,0.0,3974.3,,,,,False
4,SAN SEBASTIAN,380.05,305.6,119.8,616.35,1941.45,2733.3,1677.59,0.0,0.0,0.0,0.0,0.0,0.0,0.0,7774.14,0.0,100.0,100.0,100.0,100.0,100.0,100.0,100.0,100.0,11,2025,0.0,7774.14,,,,,False
5,VITORIA,0.0,133.5,139.5,282.25,1729.23,2175.25,824.63,0.0,400.45,576.8,430.25,1212.75,1887.6,1164.35,5284.36,5672.2,0.0,-66.66,-75.81,-34.4,42.59,15.24,-29.18,-6.84,11,2025,0.0,5284.36,,,,,False
6,ZARAGOZA,239.75,346.0,758.8,334.5,1749.85,3260.85,1518.25,0.0,0.0,0.0,0.0,0.0,0.0,0.0,8208.0,0.0,100.0,100.0,100.0,100.0,100.0,100.0,100.0,100.0,11,2025,0.0,8208.0,,,,,False
1,PAMPLONA,537.5,361.5,1385.28,807.25,2433.5,2703.5,2344.75,567.8,1158.1,899.15,1144.33,1918.09,2503.7,1878.05,10573.28,10069.22,-5.34,-68.79,54.07,-29.46,26.87,7.98,24.85,5.01,12,2025,0.0,10573.28,,,,,False
2,BILBAO,406.5,356.9,560.46,405.1,1037.8,2204.51,1220.8,218.75,874.15,694.0,781.63,1168.45,2493.1,1071.25,6192.07,7301.33,85.83,-59.17,-19.24,-48.17,-11.18,-11.58,13.96,-15.19,12,2025,0.0,6192.07,,,,,False
3,BURGOS,0.0,330.25,1358.05,344.0,1831.95,1605.85,411.25,0.0,0.0,0.0,0.0,0.0,0.0,0.0,5881.35,0.0,0.0,100.0,100.0,100.0,100.0,100.0,100.0,100.0,12,2025,0.0,5881.35,,,,,False
4,SAN SEBASTIAN,400.9,377.9,455.7,512.5,1758.65,1919.82,1546.25,0.0,0.0,0.0,0.0,0.0,0.0,0.0,6971.72,0.0,100.0,100.0,100.0,100.0,100.0,100.0,100.0,100.0,12,2025,0.0,6971.72,,,,,False
5,VITORIA,0.0,308.0,756.25,638.75,1600.25,1653.45,1097.15,0.0,621.1,386.2,398.0,1904.95,2182.18,780.34,6053.85,6272.77,0.0,-50.41,95.82,60.49,-16.0,-24.23,40.6,-3.49,12,2025,0.0,6053.85,,,,,False
6,ZARAGOZA,117.5,407.0,991.3,838.9,1702.7,3214.85,1498.8,0.0,0.0,0.0,0.0,0.0,0.0,0.0,8771.05,0.0,100.0,100.0,100.0,100.0,100.0,100.0,100.0,100.0,12,2025,0.0,8771.05,,,,,False
1,PAMPLONA,616.35,618.85,713.0,1220.77,2048.65,3443.0,2222.6,816.63,1126.95,2107.2,1179.8,2005.0,2397.75,1916.65,10883.22,11549.98,-24.53,-45.09,-66.16,3.47,2.18,43.59,15.96,-5.77,13,2025,0.0,10883.22,,,,,False
2,BILBAO,370.0,297.8,139.5,482.45,1184.25,1662.0,986.25,1193.45,651.8,1066.0,1365.75,1385.8,1980.85,637.88,5122.25,8281.53,-69.0,-54.31,-86.91,-64.68,-14.54,-16.1,54.61,-38.15,13,2025,0.0,5122.25,,,,,False
3,BURGOS,0.0,261.7,106.25,161.6,912.25,1501.0,706.25,0.0,0.0,82.23,1041.66,1262.25,2504.2,2278.88,3649.05,7169.22,0.0,100.0,29.21,-84.49,-27.73,-40.06,-69.01,-49.1,13,2025,0.0,3649.05,,,,,False
4,SAN SEBASTIAN,343.6,358.88,1031.2,826.6,1467.17,3151.34,1955.6,0.0,0.0,0.0,0.0,0.0,0.0,0.0,9134.39,0.0,100.0,100.0,100.0,100.0,100.0,100.0,100.0,100.0,13,2025,0.0,9134.39,,,,,False
5,VITORIA,0.0,0.0,0.0,0.0,1439.25,2010.5,694.85,0.0,518.0,1202.0,827.6,1068.7,1258.9,1724.4,4144.6,6599.6,0.0,-100.0,-100.0,-100.0,34.67,59.7,-59.7,-37.2,13,2025,0.0,4144.6,,,,,False
6,ZARAGOZA,497.0,253.5,108.5,1157.8,1170.0,2684.5,1514.9,0.0,0.0,0.0,0.0,0.0,0.0,0.0,7386.2,0.0,100.0,100.0,100.0,100.0,100.0,100.0,100.0,100.0,13,2025,0.0,7386.2,,,,,False
1,PAMPLONA,609.0,2200.85,626.75,1170.1,2400.75,2619.55,1500.75,871.25,870.5,699.95,852.5,1650.01,1629.1,1358.86,11127.75,7932.17,-30.1,152.83,-10.46,37.26,45.5,60.8,10.44,40.29,14,2025,0.0,11127.75,,,,,False
2,BILBAO,193.7,215.5,716.9,449.5,1632.05,1293.7,1067.6,1352.95,640.5,961.28,550.2,1164.94,2142.8,1063.33,5568.95,7876.0,-85.68,-66.35,-25.42,-18.3,40.1,-39.63,0.4,-29.29,14,2025,0.0,5568.95,,,,,False
3,BURGOS,0.0,91.5,319.81,311.28,1246.75,1856.85,831.7,0.0,646.75,779.0,1024.25,2553.0,2415.23,2109.15,4657.89,9527.38,0.0,-85.85,-58.95,-69.61,-51.17,-23.12,-60.57,-51.11,14,2025,0.0,4657.89,,,,,False
4,SAN SEBASTIAN,0.0,0.0,343.1,736.4,2585.1,3405.6,2314.9,0.0,0.0,0.0,0.0,0.0,0.0,0.0,9385.1,0.0,0.0,0.0,100.0,100.0,100.0,100.0,100.0,100.0,14,2025,0.0,9385.1,,,,,False
5,VITORIA,0.0,213.5,18.0,394.25,1116.0,1889.6,1116.0,0.0,218.05,478.5,383.5,1212.1,1512.2,919.38,4747.35,4723.73,0.0,-2.09,-96.24,2.8,-7.93,24.96,21.39,0.5,14,2025,0.0,4747.35,,,,,False
6,ZARAGOZA,229.0,346.5,951.5,285.5,1457.55,3565.25,1585.05,0.0,0.0,0.0,0.0,0.0,0.0,0.0,8420.35,0.0,100.0,100.0,100.0,100.0,100.0,100.0,100.0,100.0,14,2025,0.0,8420.35,,,,,False
1,PAMPLONA,658.5,889.65,951.58,617.0,2625.25,2804.75,1519.75,384.75,895.6,1209.91,783.2,1927.78,3178.65,1392.93,10066.48,9772.82,71.15,-0.66,-21.35,-21.22,36.18,-11.76,9.1,3.0,15,2025,0.0,10066.48,,,,,False
2,BILBAO,324.25,348.25,401.35,584.55,1415.4,1836.4,987.4,432.45,874.03,667.1,1520.43,1527.33,1144.55,1395.25,5897.6,7561.14,-25.02,-60.16,-39.84,-61.55,-7.33,60.45,-29.23,-22.0,15,2025,0.0,5897.6,,,,,False
3,BURGOS,0.0,739.1,434.5,575.05,1731.65,1968.5,885.45,0.0,431.0,939.95,518.0,2640.8,1876.7,1359.25,6334.25,7765.7,0.0,71.48,-53.77,11.01,-34.43,4.89,-34.86,-18.43,15,2025,0.0,6334.25,,,,,False
4,SAN SEBASTIAN,1041.4,1237.0,995.85,993.05,2581.9,3746.74,2244.0,0.0,0.0,0.0,0.0,0.0,0.0,0.0,12839.94,0.0,100.0,100.0,100.0,100.0,100.0,100.0,100.0,100.0,15,2025,0.0,12839.94,,,,,False
5,VITORIA,0.0,526.75,230.0,488.0,1902.25,2396.7,1061.65,0.0,173.75,468.95,306.25,1171.2,1704.65,920.25,6605.35,4745.05,0.0,203.17,-50.95,59.35,62.42,40.6,15.37,39.21,15,2025,0.0,6605.35,,,,,False
6,ZARAGOZA,324.5,196.0,525.6,914.0,784.0,2662.25,2792.7,0.0,0.0,0.0,0.0,0.0,0.0,0.0,8199.05,0.0,100.0,100.0,100.0,100.0,100.0,100.0,100.0,100.0,15,2025,0.0,8199.05,,,,,False
1,PAMPLONA,1265.35,1112.01,1567.6,2143.8,1861.2,2193.63,1815.7,504.75,965.31,870.95,1307.13,1889.4,2920.28,1438.95,11959.29,9896.77,150.69,15.2,79.99,64.01,-1.49,-24.88,26.18,20.84,16,2025,0.0,11959.29,,,,Good Friday,True
2,BILBAO,606.25,610.25,685.9,1201.15,887.05,1899.05,877.0,618.0,421.35,525.2,500.75,1159.5,2547.0,1187.65,6766.65,6959.45,-1.9,44.83,30.6,139.87,-23.5,-25.44,-26.16,-2.77,16,2025,0.0,6766.65,,,,Good Friday,True
3,BURGOS,0.0,1037.0,1328.1,826.5,1492.25,1930.15,1305.0,0.0,581.0,515.7,717.0,2199.1,2349.05,1315.25,7919.0,7677.1,0.0,78.49,157.53,15.27,-32.14,-17.83,-0.78,3.15,16,2025,0.0,7919.0,,,,Good Friday,True
4,SAN SEBASTIAN,1125.75,1101.75,1887.9,2096.45,3003.05,3276.85,1799.5,0.0,0.0,0.0,0.0,0.0,0.0,0.0,14291.25,0.0,100.0,100.0,100.0,100.0,100.0,100.0,100.0,100.0,16,2025,0.0,14291.25,,,,Good Friday,True
5,VITORIA,0.0,475.75,823.5,288.9,1339.7,1620.6,1086.25,0.0,134.0,166.75,299.0,1207.2,1878.45,661.08,5634.7,4346.48,0.0,255.04,393.85,-3.38,10.98,-13.73,64.31,29.64,16,2025,0.0,5634.7,,,,Good Friday,True
6,ZARAGOZA,705.1,1445.25,418.85,3181.35,2418.85,3147.65,4106.6,0.0,0.0,0.0,0.0,0.0,0.0,0.0,15423.65,0.0,100.0,100.0,100.0,100.0,100.0,100.0,100.0,100.0,16,2025,0.0,15423.65,,,,Good Friday,True
1,PAMPLONA,1810.2,1079.25,1311.95,830.75,1960.1,1882.8,1563.1,828.15,532.25,737.43,848.95,2130.45,2954.45,1244.9,10438.15,9276.58,118.58,102.77,77.91,-2.14,-8.0,-36.27,25.56,12.52,17,2025,0.0,10438.15,,,,,False
2,BILBAO,913.25,413.0,1116.8,451.5,1956.9,2326.75,1273.6,568.25,125.5,593.25,793.2,1819.65,2452.7,1007.2,8451.8,7359.75,60.71,229.08,88.25,-43.08,7.54,-5.14,26.45,14.84,17,2025,0.0,8451.8,,,,,False
3,BURGOS,0.0,947.25,713.5,328.0,1670.0,988.2,1153.3,0.0,262.8,587.25,345.0,1717.1,2157.68,1117.6,5800.25,6187.43,0.0,260.45,21.5,-4.93,-2.74,-54.2,3.19,-6.26,17,2025,0.0,5800.25,,,,,False
4,SAN SEBASTIAN,1372.35,1203.1,888.2,1289.1,2535.42,3005.15,1671.1,0.0,0.0,0.0,0.0,0.0,0.0,0.0,11964.42,0.0,100.0,100.0,100.0,100.0,100.0,100.0,100.0,100.0,17,2025,0.0,11964.42,,,,,False
5,VITORIA,928.55,240.5,305.75,208.0,795.2,2053.9,928.2,0.0,399.25,708.5,486.55,977.25,1162.75,1300.55,5460.1,5034.85,100.0,-39.76,-56.85,-57.25,-18.63,76.64,-28.63,8.45,17,2025,0.0,5460.1,,,,,False
6,ZARAGOZA,1057.9,1327.15,1745.95,563.4,1535.0,2709.65,950.7,0.0,0.0,0.0,0.0,0.0,0.0,0.0,9889.75,0.0,100.0,100.0,100.0,100.0,100.0,100.0,100.0,100.0,17,2025,0.0,9889.75,,,,,False
1,PAMPLONA,704.25,890.23,1988.6,2139.8,2230.4,2820.2,2472.95,9514.91,1583.05,1407.76,1296.6,2717.4,3357.5,2264.95,13246.43,22142.17,-92.6,-43.76,41.26,65.03,-17.92,-16.0,9.18,-40.18,18,2025,0.0,13246.43,,,,Labor Day,True
2,BILBAO,536.5,279.25,641.2,1817.9,1217.0,1392.0,1938.0,719.1,1448.25,1796.9,718.25,899.7,1658.3,1344.05,7821.85,8584.55,-25.39,-80.72,-64.32,153.1,35.27,-16.06,44.19,-8.88,18,2025,0.0,7821.85,,,,Labor Day,True
3,BURGOS,0.0,179.0,1283.1,1437.45,1200.75,1383.75,1152.0,0.0,863.75,1121.95,557.75,1970.73,1910.75,2104.9,6636.05,8529.83,0.0,-79.28,14.36,157.72,-39.07,-27.58,-45.27,-22.2,18,2025,0.0,6636.05,,,,Labor Day,True
4,SAN SEBASTIAN,440.7,396.2,1228.26,2002.2,1994.8,2970.1,1835.85,0.0,0.0,0.0,0.0,0.0,0.0,0.0,10868.11,0.0,100.0,100.0,100.0,100.0,100.0,100.0,100.0,100.0,18,2025,0.0,10868.11,,,,Labor Day,True
5,VITORIA,278.5,356.0,560.0,889.5,1032.35,1880.8,1385.35,0.0,565.0,486.25,39.0,1449.55,1729.75,1166.55,6382.5,5436.1,100.0,-36.99,15.17,2180.77,-28.78,8.73,18.76,17.41,18,2025,0.0,6382.5,,,,Labor Day,True
6,ZARAGOZA,43.1,738.3,667.0,1264.35,729.8,3487.0,1708.23,0.0,0.0,0.0,0.0,0.0,0.0,0.0,8637.78,0.0,100.0,100.0,100.0,100.0,100.0,100.0,100.0,100.0,18,2025,0.0,8637.78,,,,Labor Day,True
1,PAMPLONA,1155.35,999.9,1576.68,1077.9,2632.15,2739.3,2118.5,1187.35,633.05,1092.68,613.35,2047.75,2397.3,1634.65,12299.78,9606.13,-2.7,57.95,44.29,75.74,28.54,14.27,29.6,28.04,19,2025,0.0,12299.78,,,,,False
2,BILBAO,200.25,152.3,0.0,398.0,1342.35,2640.8,1379.95,282.25,186.25,455.75,248.1,1320.35,1876.25,1169.85,6113.65,5538.8,-29.05,-18.23,-100.0,60.42,1.67,40.75,17.96,10.38,19,2025,0.0,6113.65,,,,,False
3,BURGOS,0.0,343.25,268.0,295.0,1039.5,2413.75,989.35,0.0,398.5,313.0,631.6,1902.5,1655.45,581.5,5348.85,5482.55,0.0,-13.86,-14.38,-53.29,-45.36,45.81,70.14,-2.44,19,2025,0.0,5348.85,,,,,False
4,SAN SEBASTIAN,966.35,721.6,896.2,699.2,1496.1,3703.54,1599.95,0.0,0.0,0.0,0.0,0.0,0.0,0.0,10082.94,0.0,100.0,100.0,100.0,100.0,100.0,100.0,100.0,100.0,19,2025,0.0,10082.94,,,,,False
5,VITORIA,0.0,233.5,254.8,237.85,1071.52,2155.05,1316.0,0.0,324.75,68.5,348.0,1794.75,1623.25,947.15,5268.72,5106.4,0.0,-28.1,271.97,-31.65,-40.3,32.76,38.94,3.18,19,2025,0.0,5268.72,,,,,False
6,ZARAGOZA,554.75,306.7,463.65,0.0,1164.2,3262.3,893.45,0.0,0.0,0.0,0.0,0.0,0.0,0.0,6645.05,0.0,100.0,100.0,100.0,0.0,100.0,100.0,100.0,100.0,19,2025,0.0,6645.05,,,,,False
1,PAMPLONA,1391.65,1067.2,1805.73,1674.31,3766.33,2728.22,1900.1,818.39,850.62,777.5,735.6,3100.95,3784.6,1721.35,14333.54,11789.01,70.05,25.46,132.25,127.61,21.46,-27.91,10.38,21.58,20,2025,0.0,14333.54,,,,,False
2,BILBAO,493.9,118.0,830.8,750.75,1471.25,2196.3,1025.35,698.85,648.45,301.0,770.95,1445.5,2193.1,1535.4,6886.35,7593.25,-29.33,-81.8,176.01,-2.62,1.78,0.15,-33.22,-9.31,20,2025,0.0,6886.35,,,,,False
3,BURGOS,0.0,233.0,375.25,410.25,618.75,1712.55,877.5,0.0,130.75,550.5,439.5,1575.05,2008.95,1493.0,4227.3,6197.75,0.0,78.2,-31.83,-6.66,-60.72,-14.75,-41.23,-31.79,20,2025,0.0,4227.3,,,,,False
4,SAN SEBASTIAN,785.2,902.35,405.2,601.35,2234.3,3499.82,2138.3,0.0,0.0,0.0,0.0,0.0,0.0,0.0,10566.52,0.0,100.0,100.0,100.0,100.0,100.0,100.0,100.0,100.0,20,2025,0.0,10566.52,,,,,False
5,VITORIA,0.0,97.0,164.0,626.0,1048.5,2310.3,1321.25,0.0,444.25,466.75,228.25,1620.5,1839.25,1003.95,5567.05,5602.95,0.0,-78.17,-64.86,174.26,-35.3,25.61,31.61,-0.64,20,2025,0.0,5567.05,,,,,False
6,ZARAGOZA,1138.4,529.95,377.5,968.6,2323.4,3276.45,2018.45,0.0,0.0,0.0,0.0,0.0,0.0,0.0,10632.75,0.0,100.0,100.0,100.0,100.0,100.0,100.0,100.0,100.0,20,2025,0.0,10632.75,,,,,False
1,PAMPLONA,1064.8,1361.4,1227.15,1332.05,2510.7,2744.0,2437.75,1024.29,226.75,1348.51,826.69,1858.45,2390.75,1672.35,12677.85,9347.79,3.95,500.4,-9.0,61.13,35.1,14.78,45.77,35.62,21,2025,0.0,12677.85,,,,,False
2,BILBAO,509.7,885.85,3882.55,68.0,209.5,153.45,0.0,906.25,230.35,667.6,582.75,1533.35,4235.48,1538.9,5709.05,9694.68,-43.76,284.57,481.57,-88.33,-86.34,-96.38,-100.0,-41.11,21,2025,0.0,5709.05,,,,,False
3,BURGOS,0.0,169.25,382.5,372.0,806.75,1450.85,870.25,0.0,478.25,501.35,798.0,2032.03,1797.0,1590.35,4051.6,7196.98,0.0,-64.61,-23.71,-53.38,-60.3,-19.26,-45.28,-43.7,21,2025,0.0,4051.6,,,,,False
4,SAN SEBASTIAN,616.0,514.0,999.17,1184.4,2470.0,3585.7,1867.4,0.0,0.0,0.0,0.0,0.0,0.0,0.0,11236.67,0.0,100.0,100.0,100.0,100.0,100.0,100.0,100.0,100.0,21,2025,0.0,11236.67,,,,,False
5,VITORIA,0.0,404.0,343.75,426.25,1143.5,1753.3,1041.5,0.0,297.0,402.0,499.05,1436.2,1925.4,950.45,5112.3,5510.1,0.0,36.03,-14.49,-14.59,-20.38,-8.94,9.58,-7.22,21,2025,0.0,5112.3,,,,,False
6,ZARAGOZA,362.3,674.5,451.8,394.0,1539.82,3053.93,1978.6,0.0,0.0,0.0,0.0,0.0,0.0,0.0,8454.95,0.0,100.0,100.0,100.0,100.0,100.0,100.0,100.0,100.0,21,2025,0.0,8454.95,,,,,False
1,PAMPLONA,1249.2,774.15,958.88,1251.5,3103.26,2691.25,2209.4,1233.65,822.78,398.75,674.27,2540.73,2315.25,1718.25,12237.64,9703.68,1.26,-5.91,140.47,85.61,22.14,16.24,28.58,26.11,22,2025,0.0,12237.64,,,,,False
2,BILBAO,483.7,230.5,624.65,678.6,1211.3,1868.0,927.4,626.0,742.98,371.75,461.0,654.0,1905.35,1195.45,6024.15,5956.53,-22.73,-68.98,68.03,47.2,85.21,-1.96,-22.42,1.14,22,2025,0.0,6024.15,,,,,False
3,BURGOS,0.0,212.75,209.8,415.25,1335.0,493.5,510.3,0.0,517.0,509.25,928.9,2154.8,1743.0,1458.4,3176.6,7311.35,0.0,-58.85,-58.8,-55.3,-38.05,-71.69,-65.01,-56.55,22,2025,0.0,3176.6,,,,,False
4,SAN SEBASTIAN,570.9,685.95,905.3,1199.75,2402.65,2956.06,1992.25,0.0,0.0,0.0,0.0,0.0,0.0,0.0,10712.86,0.0,100.0,100.0,100.0,100.0,100.0,100.0,100.0,100.0,22,2025,0.0,10712.86,,,,,False
5,VITORIA,0.0,316.6,539.0,396.0,1067.75,1692.85,1183.65,0.0,345.75,668.1,285.25,1409.7,1914.85,972.43,5195.85,5596.08,0.0,-8.43,-19.32,38.83,-24.26,-11.59,21.72,-7.15,22,2025,0.0,5195.85,,,,,False
6,ZARAGOZA,1054.1,597.5,323.3,1222.0,2440.75,3139.29,1490.7,0.0,0.0,0.0,0.0,0.0,0.0,0.0,10267.64,0.0,100.0,100.0,100.0,100.0,100.0,100.0,100.0,100.0,22,2025,0.0,10267.64,,,,,False
1,PAMPLONA,961.0,952.2,1067.3,971.14,3034.6,2838.87,1268.35,887.4,690.45,756.9,963.73,1984.5,2218.24,1342.65,11093.46,8843.87,8.29,37.91,41.01,0.77,52.92,27.98,-5.53,25.44,23,2025,0.0,11093.46,,,,,False
2,BILBAO,397.0,620.2,1263.03,847.3,1896.7,2923.38,1452.15,556.25,268.0,631.1,578.5,2001.45,2754.18,835.75,9399.76,7625.23,-28.63,131.42,100.13,46.46,-5.23,6.14,73.75,23.27,23,2025,0.0,9399.76,,,,,False
3,BURGOS,0.0,661.6,305.0,330.25,958.15,1139.2,991.45,0.0,549.25,689.5,1330.75,1143.2,1941.0,1404.73,4385.65,7058.43,0.0,20.46,-55.77,-75.18,-16.19,-41.31,-29.42,-37.87,23,2025,0.0,4385.65,,,,,False
4,SAN SEBASTIAN,852.8,723.4,1424.65,1106.8,1939.43,2914.0,2781.7,0.0,0.0,0.0,0.0,0.0,0.0,0.0,11742.78,0.0,100.0,100.0,100.0,100.0,100.0,100.0,100.0,100.0,23,2025,0.0,11742.78,,,,,False
5,VITORIA,0.0,468.2,415.5,554.0,1910.95,1958.0,974.83,0.0,171.25,431.65,638.2,1493.25,1108.4,995.2,6281.48,4837.95,0.0,173.4,-3.74,-13.19,27.97,76.65,-2.05,29.84,23,2025,0.0,6281.48,,,,,False
6,ZARAGOZA,775.55,415.95,735.1,1170.1,2167.65,3405.85,2030.26,0.0,0.0,0.0,0.0,0.0,0.0,0.0,10700.46,0.0,100.0,100.0,100.0,100.0,100.0,100.0,100.0,100.0,23,2025,0.0,10700.46,,,,,False
1,PAMPLONA,1169.35,1337.5,1375.1,897.29,2092.13,2964.15,2646.9,1005.3,429.25,869.75,856.66,2115.13,2523.45,1758.25,12482.42,9557.79,16.32,211.59,58.1,4.74,-1.09,17.46,50.54,30.6,24,2025,0.0,12482.42,,,,,False
2,BILBAO,793.5,368.5,1024.7,820.75,1851.95,2884.3,1256.2,616.7,365.0,949.7,952.33,1074.7,1720.85,1013.55,8999.9,6692.83,28.67,0.96,7.9,-13.82,72.32,67.61,23.94,34.47,24,2025,0.0,8999.9,,,,,False
3,BURGOS,0.0,606.25,423.5,500.0,766.77,1516.5,1169.0,0.0,405.75,681.25,525.15,1831.85,1716.5,991.65,4982.02,6152.15,0.0,49.41,-37.83,-4.79,-58.14,-11.65,17.88,-19.02,24,2025,0.0,4982.02,,,,,False
4,SAN SEBASTIAN,854.78,655.2,723.2,1349.45,1948.25,3519.91,1323.6,0.0,0.0,0.0,0.0,0.0,0.0,0.0,10374.39,0.0,100.0,100.0,100.0,100.0,100.0,100.0,100.0,100.0,24,2025,0.0,10374.39,,,,,False
5,VITORIA,0.0,375.5,480.5,374.55,1722.55,1993.6,624.0,0.0,554.5,634.25,389.0,1372.75,2047.45,674.25,5570.7,5672.2,0.0,-32.28,-24.24,-3.71,25.48,-2.63,-7.45,-1.79,24,2025,0.0,5570.7,,,,,False
6,ZARAGOZA,1130.65,696.05,646.4,596.8,1872.35,2368.7,2036.7,0.0,0.0,0.0,0.0,0.0,0.0,0.0,9347.65,0.0,100.0,100.0,100.0,100.0,100.0,100.0,100.0,100.0,24,2025,0.0,9347.65,,,,,False
1,PAMPLONA,1420.3,855.0,1225.1,1282.8,2395.5,2417.09,2065.57,1033.1,671.05,1098.84,1167.43,2306.61,2682.8,1669.09,11661.36,10628.92,37.48,27.41,11.49,9.88,3.85,-9.9,23.75,9.71,25,2025,0.0,11661.36,,,,,False
2,BILBAO,215.0,798.45,507.7,601.5,1090.1,1779.85,990.5,468.45,493.7,786.6,657.1,1084.7,1394.45,1010.35,5983.1,5895.35,-54.1,61.73,-35.46,-8.46,0.5,27.64,-1.96,1.49,25,2025,0.0,5983.1,,,,,False
3,BURGOS,0.0,443.0,302.25,434.5,1390.25,1155.5,655.5,0.0,477.75,620.83,882.75,1458.13,1624.83,0.0,4381.0,5064.29,0.0,-7.27,-51.32,-50.78,-4.66,-28.88,100.0,-13.49,25,2025,0.0,4381.0,,,,,False
4,SAN SEBASTIAN,670.25,1099.35,642.0,515.85,2085.8,3081.1,1431.0,0.0,0.0,0.0,0.0,0.0,0.0,0.0,9525.35,0.0,100.0,100.0,100.0,100.0,100.0,100.0,100.0,100.0,25,2025,0.0,9525.35,,,,,False
5,VITORIA,0.0,762.75,647.0,305.5,1275.8,1726.25,1015.4,0.0,463.0,386.0,688.15,1527.45,2264.35,1231.85,5732.7,6560.8,0.0,64.74,67.62,-55.61,-16.48,-23.76,-17.57,-12.62,25,2025,0.0,5732.7,,,,,False
6,ZARAGOZA,717.4,406.0,413.6,1563.1,2639.35,2838.58,830.1,0.0,0.0,0.0,0.0,0.0,0.0,0.0,9408.13,0.0,100.0,100.0,100.0,100.0,100.0,100.0,100.0,100.0,25,2025,0.0,9408.13,,,,,False
1,PAMPLONA,1333.15,1540.5,1549.07,1523.6,2590.29,2094.59,2421.27,1239.15,1348.01,1186.75,872.65,1644.25,1879.6,1443.13,13052.47,9613.54,7.59,14.28,30.53,74.59,57.54,11.44,67.78,35.77,26,2025,0.0,13052.47,,,,,False
2,BILBAO,571.0,490.0,772.75,1170.7,1760.5,1730.59,981.3,548.5,366.0,518.0,420.75,1388.85,1724.3,1018.54,7476.84,5984.94,4.1,33.88,49.18,178.24,26.76,0.36,-3.66,24.93,26,2025,0.0,7476.84,,,,,False
3,BURGOS,0.0,258.75,663.25,544.24,748.8,1088.75,1197.29,0.0,0.0,0.0,69.85,711.5,1570.3,1281.75,4501.08,3633.4,0.0,100.0,100.0,679.16,5.24,-30.67,-6.59,23.88,26,2025,0.0,4501.08,,,,,False
4,SAN SEBASTIAN,1141.25,1477.1,1094.05,1222.56,2121.79,2600.55,1816.78,0.0,0.0,0.0,0.0,0.0,0.0,0.0,11474.08,0.0,100.0,100.0,100.0,100.0,100.0,100.0,100.0,100.0,26,2025,0.0,11474.08,,,,,False
5,VITORIA,0.0,313.8,788.7,819.75,989.99,1639.26,1196.14,51.0,638.0,121.25,444.25,1629.6,1802.08,1155.25,5747.64,5841.43,-100.0,-50.82,550.47,84.52,-39.25,-9.04,3.54,-1.61,26,2025,0.0,5747.64,,,,,False
6,ZARAGOZA,1360.35,781.25,831.5,477.88,1185.0,2111.99,54.99,0.0,0.0,0.0,0.0,0.0,0.0,0.0,6802.96,0.0,100.0,100.0,100.0,100.0,100.0,100.0,100.0,100.0,26,2025,0.0,6802.96,,,,,False
